date,latitude,longitude,location_id,warning_timestamp,flood_probability,landslide_probability,coupled_prob_ma,tcdl_triggered_rules,tcdl_n_rules,flood_only_warning,landslide_only_warning,flood,landslide
2020-07-27,10.455,76.842,10.455_76.842,2020-07-27,0.7852821,0.05875991,0.5012777845064799,R1_FLOOD_LEVEL,1,1,0,0,0
2020-07-28,10.455,76.842,10.455_76.842,2020-07-28,0.7023166,0.077697456,0.6250858306884766,R1_FLOOD_LEVEL|R4_RISING_FLOOD|R6_ENV_PRECURSOR,3,1,0,1,0
2020-07-29,10.455,76.842,10.455_76.842,2020-07-29,0.64092547,0.06536117,0.7292465766270956,R1_FLOOD_LEVEL|R4_RISING_FLOOD|R6_ENV_PRECURSOR,3,1,0,1,0
2020-07-30,10.455,76.842,10.455_76.842,2020-07-30,0.7505627,0.07569157,0.7197612921396891,R1_FLOOD_LEVEL|R4_RISING_FLOOD,2,1,0,0,0
2020-07-31,10.455,76.842,10.455_76.842,2020-07-31,0.5827099,0.08594889,0.6841378410657247,R1_FLOOD_LEVEL,1,1,0,0,0
2020-08-01,10.455,76.842,10.455_76.842,2020-08-01,0.5432605,0.08163027,0.6561876138051351,R1_FLOOD_LEVEL,1,1,0,0,0
2020-08-02,10.455,76.842,10.455_76.842,2020-08-02,0.5087994,0.08163027,0.5826719999313354,R1_FLOOD_LEVEL,1,1,0,0,0
2020-08-03,10.455,76.842,10.455_76.842,2020-08-03,0.5009342,0.07737276,0.556329588095347,R1_FLOOD_LEVEL,1,1,0,0,0
2020-08-04,10.455,76.842,10.455_76.842,2020-08-04,0.67655337,0.06457016,0.5952942768732706,R1_FLOOD_LEVEL,1,1,0,0,0
2020-08-05,10.455,76.842,10.455_76.842,2020-08-05,0.78414994,0.065668456,0.6784370342890421,R1_FLOOD_LEVEL|R4_RISING_FLOOD,2,1,0,0,0
2020-08-06,10.455,76.842,10.455_76.842,2020-08-06,0.7707736,0.065668456,0.7605297962824503,R1_FLOOD_LEVEL|R4_RISING_FLOOD,2,1,0,1,0
2020-08-07,10.455,76.842,10.455_76.842,2020-08-07,0.76418024,0.06895722,0.7881975769996643,R1_FLOOD_LEVEL|R4_RISING_FLOOD,2,1,0,0,0
2020-08-08,10.455,76.842,10.455_76.842,2020-08-08,0.7374066,0.06959412,0.7739832798639933,R1_FLOOD_LEVEL|R4_RISING_FLOOD,2,1,0,0,0
2020-08-10,10.455,76.842,10.455_76.842,2020-08-10,0.6311778,0.05932649,0.6422478755315145,R1_FLOOD_LEVEL,1,1,0,0,0
2020-08-11,10.455,76.842,10.455_76.842,2020-08-11,0.86277425,0.059038125,0.6806459625562032,R1_FLOOD_LEVEL,1,1,0,0,0
2020-08-12,10.455,76.842,10.455_76.842,2020-08-12,0.6494452,0.065668456,0.7321333686510721,R1_FLOOD_LEVEL,1,1,0,0,0
2020-08-13,10.455,76.842,10.455_76.842,2020-08-13,0.557493,0.07719253,0.7116641998291016,R1_FLOOD_LEVEL,1,1,0,0,0
2020-08-14,10.455,76.842,10.455_76.842,2020-08-14,0.8718264,0.07336625,0.7151155869166056,R1_FLOOD_LEVEL,1,1,0,1,0
2020-08-15,10.455,76.842,10.455_76.842,2020-08-15,0.8698654,0.10189986,0.7853357791900635,R1_FLOOD_LEVEL|R6_ENV_PRECURSOR,2,1,0,1,0
2020-08-16,10.455,76.842,10.455_76.842,2020-08-16,0.81291485,0.0959311,0.865072766939799,R1_FLOOD_LEVEL|R4_RISING_FLOOD|R6_ENV_PRECURSOR,3,1,0,1,0
2020-08-17,10.455,76.842,10.455_76.842,2020-08-17,0.7650652,0.06458351,0.8314088185628256,R1_FLOOD_LEVEL|R4_RISING_FLOOD,2,1,0,1,0
2020-08-18,10.455,76.842,10.455_76.842,2020-08-18,0.7296723,0.07020087,0.7865832845369974,R1_FLOOD_LEVEL,1,1,0,0,0
2020-08-19,10.455,76.842,10.455_76.842,2020-08-19,0.66364396,0.07597561,0.7393621802330017,R1_FLOOD_LEVEL,1,1,0,0,0
2020-08-20,10.455,76.842,10.455_76.842,2020-08-20,0.6365092,0.084656164,0.7017097671826681,R1_FLOOD_LEVEL,1,1,0,0,0
2020-08-30,10.455,76.842,10.455_76.842,2020-08-30,0.5556591,0.12016113,0.4604681332906087,R1_FLOOD_LEVEL,1,1,0,0,0
2020-08-31,10.455,76.842,10.455_76.842,2020-08-31,0.5802495,0.06916301,0.518861730893453,R1_FLOOD_LEVEL|R4_RISING_FLOOD,2,1,0,0,0
2020-09-01,10.455,76.842,10.455_76.842,2020-09-01,0.59648275,0.06749352,0.614016612370809,R1_FLOOD_LEVEL|R4_RISING_FLOOD,2,1,0,1,0
2020-09-02,10.455,76.842,10.455_76.842,2020-09-02,0.67587274,0.057310153,0.6424822608629862,R1_FLOOD_LEVEL|R4_RISING_FLOOD,2,1,0,0,0
2020-09-03,10.455,76.842,10.455_76.842,2020-09-03,0.74499094,0.07177091,0.6938197414080302,R1_FLOOD_LEVEL|R4_RISING_FLOOD,2,1,0,1,0
2020-09-04,10.455,76.842,10.455_76.842,2020-09-04,0.8081781,0.079067394,0.7603622277577718,R1_FLOOD_LEVEL|R4_RISING_FLOOD,2,1,0,0,0
2020-09-05,10.455,76.842,10.455_76.842,2020-09-05,0.76418024,0.06739706,0.7889039913813273,R1_FLOOD_LEVEL|R4_RISING_FLOOD,2,1,0,1,0
2020-09-06,10.455,76.842,10.455_76.842,2020-09-06,0.6717253,0.067594714,0.7657779057820638,R1_FLOOD_LEVEL,1,1,0,0,0
2020-09-07,10.455,76.842,10.455_76.842,2020-09-07,0.5079218,0.088407986,0.6751380562782288,R1_FLOOD_LEVEL,1,1,0,0,1
2020-09-08,10.455,76.842,10.455_76.842,2020-09-08,0.52360606,0.07776446,0.6019976536432902,R1_FLOOD_LEVEL,1,1,0,0,0
2020-09-09,10.455,76.842,10.455_76.842,2020-09-09,0.5408821,0.07680842,0.5627414385477701,R1_FLOOD_LEVEL,1,1,0,0,0
2020-11-07,10.455,76.842,10.455_76.842,2020-11-07,0.5419782,0.11864044,0.3913197120030721,R1_FLOOD_LEVEL,1,1,0,0,0
2020-11-08,10.455,76.842,10.455_76.842,2020-11-08,0.7367585,0.08322685,0.5558282534281412,R1_FLOOD_LEVEL|R4_RISING_FLOOD,2,1,0,1,0
2020-11-09,10.455,76.842,10.455_76.842,2020-11-09,0.8718264,0.0828021,0.7458082636197408,R1_FLOOD_LEVEL|R4_RISING_FLOOD|R6_ENV_PRECURSOR,3,1,0,1,0
2020-11-10,10.455,76.842,10.455_76.842,2020-11-10,0.8718264,0.0933397,0.8416322469711304,R1_FLOOD_LEVEL|R4_RISING_FLOOD|R6_ENV_PRECURSOR,3,1,0,1,0
2020-11-11,10.455,76.842,10.455_76.842,2020-11-11,0.8718264,0.08228069,0.8828673760096232,R1_FLOOD_LEVEL|R3_SUSTAINED_JOINT|R4_RISING_FLOOD|R6_ENV_PRECURSOR,4,1,0,1,0
2020-11-12,10.455,76.842,10.455_76.842,2020-11-12,0.8718264,0.0694466,0.8822967807451884,R1_FLOOD_LEVEL|R3_SUSTAINED_JOINT|R4_RISING_FLOOD,3,1,0,1,0
2020-11-13,10.455,76.842,10.455_76.842,2020-11-13,0.8520448,0.10775112,0.8770291407903036,R1_FLOOD_LEVEL|R3_SUSTAINED_JOINT,2,1,0,1,0
2020-11-14,10.455,76.842,10.455_76.842,2020-11-14,0.7570052,0.08026753,0.8417415420214335,R1_FLOOD_LEVEL|R3_SUSTAINED_JOINT,2,1,0,0,0
2020-11-15,10.455,76.842,10.455_76.842,2020-11-15,0.73178816,0.070588514,0.7984059453010559,R1_FLOOD_LEVEL,1,1,0,0,0
2020-11-16,10.455,76.842,10.455_76.842,2020-11-16,0.71335757,0.07971255,0.7544790705045065,R1_FLOOD_LEVEL,1,1,0,0,0
2020-11-17,10.455,76.842,10.455_76.842,2020-11-17,0.59813493,0.09470175,0.7077065507570902,R1_FLOOD_LEVEL,1,1,0,0,0
2020-11-19,10.455,76.842,10.455_76.842,2020-11-19,0.54243445,0.08739177,0.5469603737195333,R1_FLOOD_LEVEL,1,1,0,0,0
2020-07-21,10.712,77.208,10.712_77.208,2020-07-21,0.2534281,0.41583863,0.6137475570042928,R5_RISING_LANDSLIDE,1,0,0,0,0
2020-07-27,10.712,77.208,10.712_77.208,2020-07-27,0.42209607,0.80984473,0.6176816821098328,R2_LANDSLIDE_LEVEL,1,0,1,0,1
2020-07-28,10.712,77.208,10.712_77.208,2020-07-28,0.4792467,0.6920596,0.7410528461138407,R2_LANDSLIDE_LEVEL|R4_RISING_FLOOD|R5_RISING_LANDSLIDE|R6_ENV_PRECURSOR|R7_JOINT_MODERATE,5,0,1,0,0
2020-07-29,10.712,77.208,10.712_77.208,2020-07-29,0.42998472,0.5316351,0.8209241231282552,R2_LANDSLIDE_LEVEL|R4_RISING_FLOOD|R5_RISING_LANDSLIDE|R6_ENV_PRECURSOR|R7_JOINT_MODERATE,5,0,1,0,0
2020-07-30,10.712,77.208,10.712_77.208,2020-07-30,0.41904965,0.6223421,0.7844211061795553,R2_LANDSLIDE_LEVEL|R4_RISING_FLOOD|R5_RISING_LANDSLIDE|R7_JOINT_MODERATE,4,0,1,0,0
2020-07-31,10.712,77.208,10.712_77.208,2020-07-31,0.35823363,0.65581864,0.7642467617988586,R2_LANDSLIDE_LEVEL|R7_JOINT_MODERATE,2,0,1,0,0
2020-08-01,10.712,77.208,10.712_77.208,2020-08-01,0.43859214,0.5442291,0.7679473559061686,R2_LANDSLIDE_LEVEL|R7_JOINT_MODERATE,2,0,1,0,0
2020-08-02,10.712,77.208,10.712_77.208,2020-08-02,0.3701753,0.58775973,0.7545344829559326,R2_LANDSLIDE_LEVEL|R7_JOINT_MODERATE,2,0,1,0,0
2020-08-03,10.712,77.208,10.712_77.208,2020-08-03,0.42080525,0.6314478,0.7570079763730367,R2_LANDSLIDE_LEVEL|R7_JOINT_MODERATE,2,0,1,0,0
2020-08-04,10.712,77.208,10.712_77.208,2020-08-04,0.48996922,0.7284151,0.7961268822352091,R2_LANDSLIDE_LEVEL|R7_JOINT_MODERATE,2,0,1,0,0
2020-08-05,10.712,77.208,10.712_77.208,2020-08-05,0.3841831,0.8065069,0.8429544766743978,R2_LANDSLIDE_LEVEL|R5_RISING_LANDSLIDE|R7_JOINT_MODERATE,3,0,1,0,1
2020-08-06,10.712,77.208,10.712_77.208,2020-08-06,0.4193727,0.83602715,0.8823732932408651,R2_LANDSLIDE_LEVEL|R3_SUSTAINED_JOINT|R5_RISING_LANDSLIDE|R7_JOINT_MODERATE,4,0,1,0,1
2020-08-07,10.712,77.208,10.712_77.208,2020-08-07,0.4545849,0.69474494,0.8730486035346985,R2_LANDSLIDE_LEVEL|R3_SUSTAINED_JOINT|R5_RISING_LANDSLIDE|R7_JOINT_MODERATE,4,0,1,0,1
2020-08-08,10.712,77.208,10.712_77.208,2020-08-08,0.4230451,0.6486368,0.8451938231786092,R2_LANDSLIDE_LEVEL|R3_SUSTAINED_JOINT|R7_JOINT_MODERATE,3,0,1,0,0
2020-08-09,10.712,77.208,10.712_77.208,2020-08-09,0.38223222,0.55717283,0.785741408665975,R2_LANDSLIDE_LEVEL|R7_JOINT_MODERATE,2,0,1,0,0
2020-08-10,10.712,77.208,10.712_77.208,2020-08-10,0.4526315,0.6348472,0.7746139367421468,R2_LANDSLIDE_LEVEL|R7_JOINT_MODERATE,2,0,1,0,0
2020-08-11,10.712,77.208,10.712_77.208,2020-08-11,0.4842284,0.683622,0.7877945701281229,R2_LANDSLIDE_LEVEL|R7_JOINT_MODERATE,2,0,1,1,0
2020-08-12,10.712,77.208,10.712_77.208,2020-08-12,0.4173519,0.6177393,0.8047415216763815,R2_LANDSLIDE_LEVEL|R7_JOINT_MODERATE,2,0,1,0,1
2020-08-13,10.712,77.208,10.712_77.208,2020-08-13,0.38816816,0.57005847,0.7836819291114807,R2_LANDSLIDE_LEVEL|R7_JOINT_MODERATE,2,0,1,0,0
2020-08-14,10.712,77.208,10.712_77.208,2020-08-14,0.8383396,0.9325628,0.8344408869743347,R1_FLOOD_LEVEL|R2_LANDSLIDE_LEVEL|R4_RISING_FLOOD|R5_RISING_LANDSLIDE|R7_JOINT_MODERATE,5,1,1,1,1
2020-08-15,10.712,77.208,10.712_77.208,2020-08-15,0.7662737,0.89160436,0.9002370834350586,R1_FLOOD_LEVEL|R2_LANDSLIDE_LEVEL|R3_SUSTAINED_JOINT|R4_RISING_FLOOD|R5_RISING_LANDSLIDE|R7_JOINT_MODERATE,6,1,1,0,1
2020-08-16,10.712,77.208,10.712_77.208,2020-08-16,0.5942417,0.91655344,0.976634681224823,R1_FLOOD_LEVEL|R2_LANDSLIDE_LEVEL|R3_SUSTAINED_JOINT|R4_RISING_FLOOD|R5_RISING_LANDSLIDE|R7_JOINT_MODERATE,6,1,1,1,0
2020-08-17,10.712,77.208,10.712_77.208,2020-08-17,0.3636549,0.58156574,0.8915124535560608,R2_LANDSLIDE_LEVEL|R3_SUSTAINED_JOINT|R5_RISING_LANDSLIDE|R7_JOINT_MODERATE,4,0,1,0,0
2020-08-18,10.712,77.208,10.712_77.208,2020-08-18,0.4324242,0.56813896,0.8182528018951416,R2_LANDSLIDE_LEVEL|R7_JOINT_MODERATE,2,0,1,0,0
2020-08-19,10.712,77.208,10.712_77.208,2020-08-19,0.37771374,0.43078807,0.7114682594935099,R7_JOINT_MODERATE,1,0,0,0,0
2020-08-30,10.712,77.208,10.712_77.208,2020-08-30,0.3005867,0.5040557,0.5785565376281738,R2_LANDSLIDE_LEVEL|R5_RISING_LANDSLIDE,2,0,1,0,0
2020-08-31,10.712,77.208,10.712_77.208,2020-08-31,0.28779685,0.5498969,0.6316944360733032,R2_LANDSLIDE_LEVEL|R5_RISING_LANDSLIDE,2,0,1,0,0
2020-09-01,10.712,77.208,10.712_77.208,2020-09-01,0.4370097,0.62540656,0.7072242101033529,R2_LANDSLIDE_LEVEL|R5_RISING_LANDSLIDE,2,0,1,0,0
2020-09-02,10.712,77.208,10.712_77.208,2020-09-02,0.48378268,0.6857119,0.768767237663269,R2_LANDSLIDE_LEVEL|R4_RISING_FLOOD|R5_RISING_LANDSLIDE|R7_JOINT_MODERATE,4,0,1,0,0
2020-09-03,10.712,77.208,10.712_77.208,2020-09-03,0.54540724,0.69642544,0.8296212553977966,R1_FLOOD_LEVEL|R2_LANDSLIDE_LEVEL|R4_RISING_FLOOD|R5_RISING_LANDSLIDE|R7_JOINT_MODERATE,5,1,1,0,0
2020-09-04,10.712,77.208,10.712_77.208,2020-09-04,0.4033911,0.79918164,0.8599820733070374,R2_LANDSLIDE_LEVEL|R4_RISING_FLOOD|R5_RISING_LANDSLIDE|R7_JOINT_MODERATE,4,0,1,0,0
2020-09-05,10.712,77.208,10.712_77.208,2020-09-05,0.4559841,0.7057316,0.8607001701990763,R2_LANDSLIDE_LEVEL|R3_SUSTAINED_JOINT|R5_RISING_LANDSLIDE|R7_JOINT_MODERATE,4,0,1,0,0
2020-09-06,10.712,77.208,10.712_77.208,2020-09-06,0.41252992,0.61965376,0.8322204351425171,R2_LANDSLIDE_LEVEL|R7_JOINT_MODERATE,2,0,1,0,0
2020-09-07,10.712,77.208,10.712_77.208,2020-09-07,0.36060822,0.47291085,0.7598182757695516,R7_JOINT_MODERATE,1,0,0,0,0
2020-10-06,10.712,77.208,10.712_77.208,2020-10-06,0.23147634,0.28953442,0.47324339548746747,R5_RISING_LANDSLIDE,1,0,0,0,0
2020-10-07,10.712,77.208,10.712_77.208,2020-10-07,0.23367627,0.2628086,0.48186830679575604,R5_RISING_LANDSLIDE,1,0,0,0,0
2020-11-07,10.712,77.208,10.712_77.208,2020-11-07,0.42118746,0.6746497,0.5143669644991556,R2_LANDSLIDE_LEVEL|R5_RISING_LANDSLIDE,2,0,1,0,0
2020-11-08,10.712,77.208,10.712_77.208,2020-11-08,0.53546417,0.74134266,0.6904635826746622,R1_FLOOD_LEVEL|R2_LANDSLIDE_LEVEL|R4_RISING_FLOOD|R5_RISING_LANDSLIDE|R6_ENV_PRECURSOR|R7_JOINT_MODERATE,6,1,1,1,0
2020-11-09,10.712,77.208,10.712_77.208,2020-11-09,0.49230203,0.7768182,0.8594062328338623,R2_LANDSLIDE_LEVEL|R4_RISING_FLOOD|R5_RISING_LANDSLIDE|R6_ENV_PRECURSOR|R7_JOINT_MODERATE,5,0,1,0,0
2020-11-10,10.712,77.208,10.712_77.208,2020-11-10,0.46671695,0.87357056,0.8997042775154114,R2_LANDSLIDE_LEVEL|R3_SUSTAINED_JOINT|R4_RISING_FLOOD|R5_RISING_LANDSLIDE|R6_ENV_PRECURSOR|R7_JOINT_MODERATE,6,0,1,0,1
2020-11-11,10.712,77.208,10.712_77.208,2020-11-11,0.75505143,0.921425,0.9333405296007792,R1_FLOOD_LEVEL|R2_LANDSLIDE_LEVEL|R3_SUSTAINED_JOINT|R4_RISING_FLOOD|R5_RISING_LANDSLIDE|R6_ENV_PRECURSOR|R7_JOINT_MODERATE,7,1,1,1,1
2020-11-12,10.712,77.208,10.712_77.208,2020-11-12,0.72928536,0.9215178,0.9640280604362488,R1_FLOOD_LEVEL|R2_LANDSLIDE_LEVEL|R3_SUSTAINED_JOINT|R4_RISING_FLOOD|R5_RISING_LANDSLIDE|R7_JOINT_MODERATE,6,1,1,0,0
2020-11-13,10.712,77.208,10.712_77.208,2020-11-13,0.59393036,0.8000335,0.9594355225563049,R1_FLOOD_LEVEL|R2_LANDSLIDE_LEVEL|R3_SUSTAINED_JOINT|R4_RISING_FLOOD|R5_RISING_LANDSLIDE|R7_JOINT_MODERATE,6,1,1,1,0
2020-11-14,10.712,77.208,10.712_77.208,2020-11-14,0.3458913,0.657445,0.8911617398262024,R2_LANDSLIDE_LEVEL|R3_SUSTAINED_JOINT|R7_JOINT_MODERATE,3,0,1,0,0
2020-11-15,10.712,77.208,10.712_77.208,2020-11-15,0.45949304,0.591515,0.8246475259462992,R2_LANDSLIDE_LEVEL|R7_JOINT_MODERATE,2,0,1,0,0
2020-11-16,10.712,77.208,10.712_77.208,2020-11-16,0.3994824,0.4276801,0.737151583035787,R7_JOINT_MODERATE,1,0,0,0,0
2020-11-17,10.712,77.208,10.712_77.208,2020-11-17,0.33960903,0.49701273,0.7011182308197021,R7_JOINT_MODERATE,1,0,0,0,0
2020-11-29,10.712,77.208,10.712_77.208,2020-11-29,0.2661712,0.4071244,0.5125205914179484,R5_RISING_LANDSLIDE,1,0,0,1,0
2020-11-30,10.712,77.208,10.712_77.208,2020-11-30,0.26251706,0.26292503,0.5126083890597025,R5_RISING_LANDSLIDE,1,0,0,0,0
2020-07-21,10.978,76.955,10.978_76.955,2020-07-21,0.27003944,0.5163749,0.7161657810211182,R2_LANDSLIDE_LEVEL|R5_RISING_LANDSLIDE,2,0,1,0,0
2020-07-22,10.978,76.955,10.978_76.955,2020-07-22,0.24269666,0.5234359,0.6832934617996216,R2_LANDSLIDE_LEVEL,1,0,1,0,0
2020-07-23,10.978,76.955,10.978_76.955,2020-07-23,0.20973738,0.6137683,0.6602815389633179,R2_LANDSLIDE_LEVEL,1,0,1,0,1
2020-07-24,10.978,76.955,10.978_76.955,2020-07-24,0.211749,0.6313383,0.68109130859375,R2_LANDSLIDE_LEVEL,1,0,1,0,0
2020-07-27,10.978,76.955,10.978_76.955,2020-07-27,0.28015867,0.91027063,0.6637558937072754,R2_LANDSLIDE_LEVEL,1,0,1,0,1
2020-07-28,10.978,76.955,10.978_76.955,2020-07-28,0.25018078,0.9002777,0.7845828731854757,R2_LANDSLIDE_LEVEL|R5_RISING_LANDSLIDE|R6_ENV_PRECURSOR,3,0,1,0,1
2020-07-29,10.978,76.955,10.978_76.955,2020-07-29,0.25018078,0.8608477,0.9187654256820679,R2_LANDSLIDE_LEVEL|R5_RISING_LANDSLIDE|R6_ENV_PRECURSOR,3,0,1,0,1
2020-07-30,10.978,76.955,10.978_76.955,2020-07-30,0.14667742,0.79944634,0.8832500775655111,R2_LANDSLIDE_LEVEL|R3_SUSTAINED_JOINT|R5_RISING_LANDSLIDE,3,0,1,0,1
2020-07-31,10.978,76.955,10.978_76.955,2020-07-31,0.15483062,0.7991355,0.8515864809354147,R2_LANDSLIDE_LEVEL|R3_SUSTAINED_JOINT|R5_RISING_LANDSLIDE,3,0,1,0,1
2020-08-01,10.978,76.955,10.978_76.955,2020-08-01,0.20208612,0.7920508,0.8310576478640238,R2_LANDSLIDE_LEVEL,1,0,1,0,1
2020-08-02,10.978,76.955,10.978_76.955,2020-08-02,0.19579962,0.81551623,0.838649332523346,R2_LANDSLIDE_LEVEL,1,0,1,0,1
2020-08-03,10.978,76.955,10.978_76.955,2020-08-03,0.15840277,0.77972686,0.8334437608718872,R2_LANDSLIDE_LEVEL,1,0,1,0,1
2020-08-04,10.978,76.955,10.978_76.955,2020-08-04,0.16386536,0.85108984,0.8472492893536886,R2_LANDSLIDE_LEVEL,1,0,1,0,0
2020-08-05,10.978,76.955,10.978_76.955,2020-08-05,0.27756122,0.8910536,0.8704675634702047,R2_LANDSLIDE_LEVEL|R3_SUSTAINED_JOINT,2,0,1,0,1
2020-08-06,10.978,76.955,10.978_76.955,2020-08-06,0.16613929,0.9048963,0.9058269063631693,R2_LANDSLIDE_LEVEL|R3_SUSTAINED_JOINT|R5_RISING_LANDSLIDE,3,0,1,0,0
2020-08-07,10.978,76.955,10.978_76.955,2020-08-07,0.17509238,0.8910536,0.91737300157547,R2_LANDSLIDE_LEVEL|R3_SUSTAINED_JOINT|R5_RISING_LANDSLIDE,3,0,1,0,1
2020-08-08,10.978,76.955,10.978_76.955,2020-08-08,0.15586148,0.8521217,0.901998778184255,R2_LANDSLIDE_LEVEL|R3_SUSTAINED_JOINT,2,0,1,0,1
2020-08-09,10.978,76.955,10.978_76.955,2020-08-09,0.19043238,0.7691823,0.866145670413971,R2_LANDSLIDE_LEVEL|R3_SUSTAINED_JOINT,2,0,1,0,0
2020-08-10,10.978,76.955,10.978_76.955,2020-08-10,0.17207445,0.8412351,0.8522873918215433,R2_LANDSLIDE_LEVEL|R3_SUSTAINED_JOINT,2,0,1,0,0
2020-08-11,10.978,76.955,10.978_76.955,2020-08-11,0.29682684,0.8705439,0.8635539611180624,R2_LANDSLIDE_LEVEL|R3_SUSTAINED_JOINT,2,0,1,0,1
2020-08-12,10.978,76.955,10.978_76.955,2020-08-12,0.17519736,0.8542034,0.8857569893201193,R2_LANDSLIDE_LEVEL|R3_SUSTAINED_JOINT,2,0,1,0,1
2020-08-13,10.978,76.955,10.978_76.955,2020-08-13,0.1930299,0.81787103,0.880581279595693,R2_LANDSLIDE_LEVEL|R3_SUSTAINED_JOINT,2,0,1,0,1
2020-08-14,10.978,76.955,10.978_76.955,2020-08-14,0.33381093,0.9372473,0.8969895839691162,R2_LANDSLIDE_LEVEL|R3_SUSTAINED_JOINT,2,0,1,0,1
2020-08-15,10.978,76.955,10.978_76.955,2020-08-15,0.2804729,0.93324876,0.921064297358195,R2_LANDSLIDE_LEVEL|R3_SUSTAINED_JOINT,2,0,1,0,1
2020-08-16,10.978,76.955,10.978_76.955,2020-08-16,0.2537503,0.9353358,0.9539699753125509,R2_LANDSLIDE_LEVEL|R3_SUSTAINED_JOINT|R5_RISING_LANDSLIDE,3,0,1,0,1
2020-08-17,10.978,76.955,10.978_76.955,2020-08-17,0.3722686,0.81435925,0.9290608366330465,R2_LANDSLIDE_LEVEL|R3_SUSTAINED_JOINT,2,0,1,0,1
2020-08-18,10.978,76.955,10.978_76.955,2020-08-18,0.2791684,0.74646723,0.8841524521509806,R2_LANDSLIDE_LEVEL|R3_SUSTAINED_JOINT,2,0,1,0,0
2020-08-19,10.978,76.955,10.978_76.955,2020-08-19,0.29780036,0.50022644,0.7832573850949606,R2_LANDSLIDE_LEVEL,1,0,1,0,0
2020-08-23,10.978,76.955,10.978_76.955,2020-08-23,0.33757323,0.53838444,0.630942145983378,R2_LANDSLIDE_LEVEL,1,0,1,0,0
2020-08-24,10.978,76.955,10.978_76.955,2020-08-24,0.31777564,0.50941396,0.6449084679285685,R2_LANDSLIDE_LEVEL,1,0,1,0,0
2020-08-28,10.978,76.955,10.978_76.955,2020-08-28,0.28507957,0.64165276,0.6758115688959757,R2_LANDSLIDE_LEVEL,1,0,1,0,0
2020-08-29,10.978,76.955,10.978_76.955,2020-08-29,0.22433366,0.6013285,0.685844620068868,R2_LANDSLIDE_LEVEL,1,0,1,0,0
2020-08-30,10.978,76.955,10.978_76.955,2020-08-30,0.20478286,0.61083007,0.7083665331204733,R2_LANDSLIDE_LEVEL|R5_RISING_LANDSLIDE,2,0,1,0,0
2020-08-31,10.978,76.955,10.978_76.955,2020-08-31,0.20152986,0.7157016,0.7180951833724976,R2_LANDSLIDE_LEVEL|R5_RISING_LANDSLIDE,2,0,1,0,0
2020-09-01,10.978,76.955,10.978_76.955,2020-09-01,0.15900792,0.846534,0.7781526446342468,R2_LANDSLIDE_LEVEL|R5_RISING_LANDSLIDE,2,0,1,0,1
2020-09-02,10.978,76.955,10.978_76.955,2020-09-02,0.1692633,0.9020897,0.8541982769966125,R2_LANDSLIDE_LEVEL|R5_RISING_LANDSLIDE,2,0,1,0,1
2020-09-03,10.978,76.955,10.978_76.955,2020-09-03,0.16598602,0.90439624,0.903287927309672,R2_LANDSLIDE_LEVEL|R3_SUSTAINED_JOINT|R5_RISING_LANDSLIDE,3,0,1,1,1
2020-09-04,10.978,76.955,10.978_76.955,2020-09-04,0.21043636,0.9123947,0.9232525030771891,R2_LANDSLIDE_LEVEL|R3_SUSTAINED_JOINT|R5_RISING_LANDSLIDE,3,0,1,0,1
2020-09-05,10.978,76.955,10.978_76.955,2020-09-05,0.21552609,0.8972869,0.923506478468577,R2_LANDSLIDE_LEVEL|R3_SUSTAINED_JOINT|R5_RISING_LANDSLIDE,3,0,1,0,1
2020-09-06,10.978,76.955,10.978_76.955,2020-09-06,0.18043835,0.8409839,0.9066436092058817,R2_LANDSLIDE_LEVEL|R3_SUSTAINED_JOINT,2,0,1,0,1
2020-09-07,10.978,76.955,10.978_76.955,2020-09-07,0.15346897,0.7668081,0.8638988534609476,R2_LANDSLIDE_LEVEL|R3_SUSTAINED_JOINT,2,0,1,1,0
2020-09-08,10.978,76.955,10.978_76.955,2020-09-08,0.20647405,0.761121,0.8275718688964844,R2_LANDSLIDE_LEVEL,1,0,1,0,0
2020-09-09,10.978,76.955,10.978_76.955,2020-09-09,0.2613489,0.5131506,0.7511424024899801,R2_LANDSLIDE_LEVEL,1,0,1,0,0
2020-09-10,10.978,76.955,10.978_76.955,2020-09-10,0.25704193,0.6348246,0.7265071272850037,R2_LANDSLIDE_LEVEL,1,0,1,0,0
2020-09-11,10.978,76.955,10.978_76.955,2020-09-11,0.2717599,0.5185636,0.6728255947430929,R2_LANDSLIDE_LEVEL,1,0,1,0,0
2020-10-19,10.978,76.955,10.978_76.955,2020-10-19,0.20589373,0.51172364,0.5461728175481161,R2_LANDSLIDE_LEVEL|R5_RISING_LANDSLIDE,2,0,1,0,0
2020-10-20,10.978,76.955,10.978_76.955,2020-10-20,0.25983247,0.57258916,0.616882860660553,R2_LANDSLIDE_LEVEL|R5_RISING_LANDSLIDE,2,0,1,0,0
2020-10-21,10.978,76.955,10.978_76.955,2020-10-21,0.24794236,0.38055587,0.6100144584973654,R5_RISING_LANDSLIDE,1,0,0,0,0
2020-10-29,10.978,76.955,10.978_76.955,2020-10-29,0.17422655,0.48078844,0.5395051836967468,R5_RISING_LANDSLIDE,1,0,0,0,0
2020-10-30,10.978,76.955,10.978_76.955,2020-10-30,0.17341079,0.4364749,0.5412774085998535,R5_RISING_LANDSLIDE,1,0,0,0,0
2020-11-01,10.978,76.955,10.978_76.955,2020-11-01,0.24714309,0.5756412,0.567307690779368,R2_LANDSLIDE_LEVEL,1,0,1,0,0
2020-11-03,10.978,76.955,10.978_76.955,2020-11-03,0.22180927,0.5703259,0.6456863482793173,R2_LANDSLIDE_LEVEL|R5_RISING_LANDSLIDE,2,0,1,0,1
2020-11-07,10.978,76.955,10.978_76.955,2020-11-07,0.16499652,0.8588287,0.655992865562439,R2_LANDSLIDE_LEVEL,1,0,1,0,1
2020-11-08,10.978,76.955,10.978_76.955,2020-11-08,0.19699705,0.8749738,0.7983833948771158,R2_LANDSLIDE_LEVEL|R5_RISING_LANDSLIDE|R6_ENV_PRECURSOR,3,0,1,0,0
2020-11-09,10.978,76.955,10.978_76.955,2020-11-09,0.26778,0.90341175,0.9036670724550883,R2_LANDSLIDE_LEVEL|R5_RISING_LANDSLIDE|R6_ENV_PRECURSOR,3,0,1,0,1
2020-11-10,10.978,76.955,10.978_76.955,2020-11-10,0.26110688,0.93360263,0.9266063769658407,R2_LANDSLIDE_LEVEL|R3_SUSTAINED_JOINT|R5_RISING_LANDSLIDE|R6_ENV_PRECURSOR,4,0,1,0,1
2020-11-11,10.978,76.955,10.978_76.955,2020-11-11,0.2575954,0.9353665,0.9440771341323853,R2_LANDSLIDE_LEVEL|R3_SUSTAINED_JOINT|R5_RISING_LANDSLIDE|R6_ENV_PRECURSOR,4,0,1,1,1
2020-11-12,10.978,76.955,10.978_76.955,2020-11-12,0.25740695,0.929785,0.9502713481585184,R2_LANDSLIDE_LEVEL|R3_SUSTAINED_JOINT,2,0,1,0,1
2020-11-13,10.978,76.955,10.978_76.955,2020-11-13,0.21667568,0.90944904,0.9429812828699747,R2_LANDSLIDE_LEVEL|R3_SUSTAINED_JOINT,2,0,1,0,1
2020-11-14,10.978,76.955,10.978_76.955,2020-11-14,0.2046646,0.83292645,0.9146828452746073,R2_LANDSLIDE_LEVEL|R3_SUSTAINED_JOINT,2,0,1,0,0
2020-11-15,10.978,76.955,10.978_76.955,2020-11-15,0.24031039,0.7323888,0.8642960985501608,R2_LANDSLIDE_LEVEL|R3_SUSTAINED_JOINT,2,0,1,0,0
2020-11-18,10.978,76.955,10.978_76.955,2020-11-18,0.31116787,0.5253121,0.5879383484522501,R2_LANDSLIDE_LEVEL,1,0,1,0,0
2020-11-26,10.978,76.955,10.978_76.955,2020-11-26,0.17022805,0.4068299,0.5242348313331604,R5_RISING_LANDSLIDE,1,0,0,0,0
2020-11-29,10.978,76.955,10.978_76.955,2020-11-29,0.1964119,0.6254674,0.6030288736025492,R2_LANDSLIDE_LEVEL,1,0,1,0,1
2020-11-30,10.978,76.955,10.978_76.955,2020-11-30,0.2270244,0.50790095,0.6365231076876322,R2_LANDSLIDE_LEVEL|R5_RISING_LANDSLIDE,2,0,1,0,0
2020-12-01,10.978,76.955,10.978_76.955,2020-12-01,0.2449818,0.44931766,0.6342914501825968,R5_RISING_LANDSLIDE,1,0,0,0,0
2020-12-05,10.978,76.955,10.978_76.955,2020-12-05,0.20251432,0.525132,0.5956482688585917,R2_LANDSLIDE_LEVEL,1,0,1,0,0
2020-12-06,10.978,76.955,10.978_76.955,2020-12-06,0.18304935,0.5216918,0.6003467837969462,R2_LANDSLIDE_LEVEL,1,0,1,0,0
2020-12-14,10.978,76.955,10.978_76.955,2020-12-14,0.17258634,0.42141706,0.49670326709747314,R5_RISING_LANDSLIDE,1,0,0,0,0
2020-07-21,11.394,76.688,11.394_76.688,2020-07-21,0.3421516,0.78059906,0.8631056944529215,R2_LANDSLIDE_LEVEL|R3_SUSTAINED_JOINT,2,0,1,0,0
2020-07-24,11.394,76.688,11.394_76.688,2020-07-24,0.38364032,0.4043713,0.6553672949473063,R7_JOINT_MODERATE,1,0,0,0,0
2020-07-26,11.394,76.688,11.394_76.688,2020-07-26,0.36418766,0.5326179,0.6738580862681071,R2_LANDSLIDE_LEVEL,1,0,1,0,0
2020-07-27,11.394,76.688,11.394_76.688,2020-07-27,0.36947227,0.8360591,0.7617755134900411,R2_LANDSLIDE_LEVEL|R5_RISING_LANDSLIDE|R6_ENV_PRECURSOR,3,0,1,0,0
2020-07-28,11.394,76.688,11.394_76.688,2020-07-28,0.4828616,0.9151342,0.8518586754798889,R2_LANDSLIDE_LEVEL|R5_RISING_LANDSLIDE|R6_ENV_PRECURSOR|R7_JOINT_MODERATE,4,0,1,0,1
2020-07-29,11.394,76.688,11.394_76.688,2020-07-29,0.5448101,0.9284338,0.9400557080904642,R1_FLOOD_LEVEL|R2_LANDSLIDE_LEVEL|R3_SUSTAINED_JOINT|R4_RISING_FLOOD|R5_RISING_LANDSLIDE|R6_ENV_PRECURSOR|R7_JOINT_MODERATE,7,1,1,1,0
2020-07-30,11.394,76.688,11.394_76.688,2020-07-30,0.6732263,0.9372473,0.9676768183708191,R1_FLOOD_LEVEL|R2_LANDSLIDE_LEVEL|R3_SUSTAINED_JOINT|R4_RISING_FLOOD|R5_RISING_LANDSLIDE|R6_ENV_PRECURSOR|R7_JOINT_MODERATE,7,1,1,1,1
2020-07-31,11.394,76.688,11.394_76.688,2020-07-31,0.7611541,0.9377987,0.9773537715276083,R1_FLOOD_LEVEL|R2_LANDSLIDE_LEVEL|R3_SUSTAINED_JOINT|R4_RISING_FLOOD|R5_RISING_LANDSLIDE|R6_ENV_PRECURSOR|R7_JOINT_MODERATE,7,1,1,1,1
2020-08-01,11.394,76.688,11.394_76.688,2020-08-01,0.7704242,0.9377987,0.9834525386492411,R1_FLOOD_LEVEL|R2_LANDSLIDE_LEVEL|R3_SUSTAINED_JOINT|R4_RISING_FLOOD|R7_JOINT_MODERATE,5,1,1,1,1
2020-08-02,11.394,76.688,11.394_76.688,2020-08-02,0.7232119,0.9377987,0.9845490058263143,R1_FLOOD_LEVEL|R2_LANDSLIDE_LEVEL|R3_SUSTAINED_JOINT|R4_RISING_FLOOD|R7_JOINT_MODERATE,5,1,1,0,1
2020-08-03,11.394,76.688,11.394_76.688,2020-08-03,0.7711813,0.9377987,0.9847569068272909,R1_FLOOD_LEVEL|R2_LANDSLIDE_LEVEL|R3_SUSTAINED_JOINT|R4_RISING_FLOOD|R7_JOINT_MODERATE,5,1,1,0,1
2020-08-04,11.394,76.688,11.394_76.688,2020-08-04,0.63308185,0.9377987,0.9819092750549316,R1_FLOOD_LEVEL|R2_LANDSLIDE_LEVEL|R3_SUSTAINED_JOINT|R7_JOINT_MODERATE,4,1,1,0,1
2020-08-05,11.394,76.688,11.394_76.688,2020-08-05,0.6894168,0.9377987,0.9812085628509521,R1_FLOOD_LEVEL|R2_LANDSLIDE_LEVEL|R3_SUSTAINED_JOINT|R7_JOINT_MODERATE,4,1,1,0,1
2020-08-06,11.394,76.688,11.394_76.688,2020-08-06,0.6894168,0.9304613,0.9787536462148031,R1_FLOOD_LEVEL|R2_LANDSLIDE_LEVEL|R3_SUSTAINED_JOINT|R7_JOINT_MODERATE,4,1,1,0,1
2020-08-07,11.394,76.688,11.394_76.688,2020-08-07,0.6109039,0.931996,0.9775412082672119,R1_FLOOD_LEVEL|R2_LANDSLIDE_LEVEL|R3_SUSTAINED_JOINT|R7_JOINT_MODERATE,4,1,1,0,1
2020-08-08,11.394,76.688,11.394_76.688,2020-08-08,0.6711035,0.93291765,0.9766263961791992,R1_FLOOD_LEVEL|R2_LANDSLIDE_LEVEL|R3_SUSTAINED_JOINT|R7_JOINT_MODERATE,4,1,1,0,1
2020-08-09,11.394,76.688,11.394_76.688,2020-08-09,0.4627977,0.87492496,0.961428721745809,R2_LANDSLIDE_LEVEL|R3_SUSTAINED_JOINT|R7_JOINT_MODERATE,3,0,1,0,1
2020-08-10,11.394,76.688,11.394_76.688,2020-08-10,0.49364406,0.86309034,0.9471404155095419,R2_LANDSLIDE_LEVEL|R3_SUSTAINED_JOINT|R7_JOINT_MODERATE,3,0,1,0,1
2020-08-11,11.394,76.688,11.394_76.688,2020-08-11,0.46982443,0.8106506,0.9210319916407267,R2_LANDSLIDE_LEVEL|R3_SUSTAINED_JOINT|R7_JOINT_MODERATE,3,0,1,0,1
2020-08-12,11.394,76.688,11.394_76.688,2020-08-12,0.5639639,0.7351581,0.9049353003501892,R1_FLOOD_LEVEL|R2_LANDSLIDE_LEVEL|R3_SUSTAINED_JOINT|R7_JOINT_MODERATE,4,1,1,0,1
2020-08-13,11.394,76.688,11.394_76.688,2020-08-13,0.47075507,0.69007885,0.8733689188957214,R2_LANDSLIDE_LEVEL|R3_SUSTAINED_JOINT|R7_JOINT_MODERATE,3,0,1,1,0
2020-08-14,11.394,76.688,11.394_76.688,2020-08-14,0.44233364,0.6296846,0.8379942377408346,R2_LANDSLIDE_LEVEL|R3_SUSTAINED_JOINT|R7_JOINT_MODERATE,3,0,1,0,0
2020-08-15,11.394,76.688,11.394_76.688,2020-08-15,0.4828934,0.5860179,0.8051301638285319,R2_LANDSLIDE_LEVEL|R7_JOINT_MODERATE,2,0,1,0,0
2020-08-16,11.394,76.688,11.394_76.688,2020-08-16,0.30080575,0.44285035,0.7299529512723287,R7_JOINT_MODERATE,1,0,0,0,0
2020-08-19,11.394,76.688,11.394_76.688,2020-08-19,0.42069164,0.78870744,0.7280454436937968,R2_LANDSLIDE_LEVEL,1,0,1,0,0
2020-08-20,11.394,76.688,11.394_76.688,2020-08-20,0.39420202,0.69725347,0.7932644287745158,R2_LANDSLIDE_LEVEL|R5_RISING_LANDSLIDE|R7_JOINT_MODERATE,3,0,1,0,0
2020-08-21,11.394,76.688,11.394_76.688,2020-08-21,0.378639,0.54709244,0.8042580286661783,R2_LANDSLIDE_LEVEL|R5_RISING_LANDSLIDE|R7_JOINT_MODERATE,3,0,1,0,0
2020-08-26,11.394,76.688,11.394_76.688,2020-08-26,0.34829006,0.6049829,0.6783759593963623,R2_LANDSLIDE_LEVEL,1,0,1,0,0
2020-08-27,11.394,76.688,11.394_76.688,2020-08-27,0.3463795,0.49745762,0.6910775303840637,R5_RISING_LANDSLIDE,1,0,0,0,1
2020-09-03,11.394,76.688,11.394_76.688,2020-09-03,0.1794339,0.80791724,0.6805066267649332,R2_LANDSLIDE_LEVEL|R5_RISING_LANDSLIDE,2,0,1,0,0
2020-09-04,11.394,76.688,11.394_76.688,2020-09-04,0.411345,0.88459384,0.7880533536275228,R2_LANDSLIDE_LEVEL|R5_RISING_LANDSLIDE|R6_ENV_PRECURSOR,3,0,1,0,1
2020-09-05,11.394,76.688,11.394_76.688,2020-09-05,0.39330748,0.89604735,0.9037938912709554,R2_LANDSLIDE_LEVEL|R5_RISING_LANDSLIDE|R6_ENV_PRECURSOR,3,0,1,0,1
2020-09-06,11.394,76.688,11.394_76.688,2020-09-06,0.32602292,0.91103715,0.9363464514414469,R2_LANDSLIDE_LEVEL|R3_SUSTAINED_JOINT|R4_RISING_FLOOD|R5_RISING_LANDSLIDE,4,0,1,0,1
2020-09-07,11.394,76.688,11.394_76.688,2020-09-07,0.32693973,0.9073667,0.9382086594899496,R2_LANDSLIDE_LEVEL|R3_SUSTAINED_JOINT|R4_RISING_FLOOD|R5_RISING_LANDSLIDE,4,0,1,0,1
2020-09-08,11.394,76.688,11.394_76.688,2020-09-08,0.3501689,0.86358607,0.9296824336051941,R2_LANDSLIDE_LEVEL|R3_SUSTAINED_JOINT,2,0,1,0,1
2020-09-09,11.394,76.688,11.394_76.688,2020-09-09,0.33056927,0.8180134,0.9090596040089926,R2_LANDSLIDE_LEVEL|R3_SUSTAINED_JOINT,2,0,1,0,0
2020-09-10,11.394,76.688,11.394_76.688,2020-09-10,0.2752672,0.66091573,0.8479270339012146,R2_LANDSLIDE_LEVEL|R3_SUSTAINED_JOINT,2,0,1,0,0
2020-10-01,11.394,76.688,11.394_76.688,2020-10-01,0.20638257,0.36408067,0.5022691488265991,R5_RISING_LANDSLIDE,1,0,0,0,0
2020-10-03,11.394,76.688,11.394_76.688,2020-10-03,0.20830588,0.595509,0.543917198975881,R2_LANDSLIDE_LEVEL|R5_RISING_LANDSLIDE,2,0,1,0,0
2020-10-04,11.394,76.688,11.394_76.688,2020-10-04,0.25003126,0.43397114,0.5706414381663004,R5_RISING_LANDSLIDE,1,0,0,0,0
2020-10-05,11.394,76.688,11.394_76.688,2020-10-05,0.236459,0.5004078,0.6246012846628824,R2_LANDSLIDE_LEVEL|R5_RISING_LANDSLIDE,2,0,1,0,0
2020-10-12,11.394,76.688,11.394_76.688,2020-10-12,0.21496186,0.6664869,0.5004187226295471,R2_LANDSLIDE_LEVEL,1,0,1,0,0
2020-10-13,11.394,76.688,11.394_76.688,2020-10-13,0.16093577,0.78524876,0.6295157472292582,R2_LANDSLIDE_LEVEL|R5_RISING_LANDSLIDE,2,0,1,0,0
2020-10-14,11.394,76.688,11.394_76.688,2020-10-14,0.19592348,0.6516261,0.7592900594075521,R2_LANDSLIDE_LEVEL|R5_RISING_LANDSLIDE,2,0,1,0,0
2020-10-15,11.394,76.688,11.394_76.688,2020-10-15,0.25658748,0.36369193,0.6888837416966757,R5_RISING_LANDSLIDE,1,0,0,0,0
2020-10-24,11.394,76.688,11.394_76.688,2020-10-24,0.24262884,0.4931666,0.470813790957133,R5_RISING_LANDSLIDE,1,0,0,0,0
2020-10-25,11.394,76.688,11.394_76.688,2020-10-25,0.2223452,0.4030021,0.5194456378618876,R5_RISING_LANDSLIDE,1,0,0,0,0
2020-10-26,11.394,76.688,11.394_76.688,2020-10-26,0.23256844,0.43535364,0.5728511015574137,R5_RISING_LANDSLIDE,1,0,0,0,0
2020-10-27,11.394,76.688,11.394_76.688,2020-10-27,0.22604272,0.44311357,0.5571360190709432,R5_RISING_LANDSLIDE,1,0,0,0,1
2020-10-31,11.394,76.688,11.394_76.688,2020-10-31,0.2037396,0.6053248,0.5261127154032389,R2_LANDSLIDE_LEVEL,1,0,1,0,0
2020-11-01,11.394,76.688,11.394_76.688,2020-11-01,0.15292901,0.67708844,0.6072077751159668,R2_LANDSLIDE_LEVEL|R5_RISING_LANDSLIDE,2,0,1,0,0
2020-11-02,11.394,76.688,11.394_76.688,2020-11-02,0.22715428,0.50653505,0.6769448121388754,R2_LANDSLIDE_LEVEL|R5_RISING_LANDSLIDE,2,0,1,0,0
2020-11-03,11.394,76.688,11.394_76.688,2020-11-03,0.16578765,0.85851336,0.7423562606175741,R2_LANDSLIDE_LEVEL|R5_RISING_LANDSLIDE,2,0,1,0,1
2020-11-04,11.394,76.688,11.394_76.688,2020-11-04,0.4328934,0.8462671,0.8044716318448385,R2_LANDSLIDE_LEVEL|R5_RISING_LANDSLIDE,2,0,1,0,1
2020-11-05,11.394,76.688,11.394_76.688,2020-11-05,0.1792635,0.81947875,0.8822089234987894,R2_LANDSLIDE_LEVEL|R5_RISING_LANDSLIDE,2,0,1,0,0
2020-07-21,11.615,76.371,11.615_76.371,2020-07-21,0.5904278,0.28796807,0.7471109429995219,R1_FLOOD_LEVEL,1,1,0,0,0
2020-07-22,11.615,76.371,11.615_76.371,2020-07-22,0.5826806,0.2864035,0.7027448018391927,R1_FLOOD_LEVEL,1,1,0,0,0
2020-07-26,11.615,76.371,11.615_76.371,2020-07-26,0.5095443,0.17511237,0.5273714661598206,R1_FLOOD_LEVEL,1,1,0,0,0
2020-07-27,11.615,76.371,11.615_76.371,2020-07-27,0.56533223,0.20980336,0.5879854957262675,R1_FLOOD_LEVEL,1,1,0,1,0
2020-07-28,11.615,76.371,11.615_76.371,2020-07-28,0.84116745,0.35833818,0.7166797916094462,R1_FLOOD_LEVEL|R4_RISING_FLOOD|R6_ENV_PRECURSOR,3,1,0,1,0
2020-07-29,11.615,76.371,11.615_76.371,2020-07-29,0.8696703,0.55284315,0.8321107824643453,R1_FLOOD_LEVEL|R2_LANDSLIDE_LEVEL|R4_RISING_FLOOD|R5_RISING_LANDSLIDE|R6_ENV_PRECURSOR,5,1,1,1,0
2020-07-30,11.615,76.371,11.615_76.371,2020-07-30,0.8696703,0.7657739,0.9364262421925863,R1_FLOOD_LEVEL|R2_LANDSLIDE_LEVEL|R4_RISING_FLOOD|R5_RISING_LANDSLIDE|R6_ENV_PRECURSOR|R7_JOINT_MODERATE,6,1,1,1,1
2020-07-31,11.615,76.371,11.615_76.371,2020-07-31,0.8696703,0.7823828,0.9609445134798685,R1_FLOOD_LEVEL|R2_LANDSLIDE_LEVEL|R3_SUSTAINED_JOINT|R4_RISING_FLOOD|R5_RISING_LANDSLIDE|R6_ENV_PRECURSOR|R7_JOINT_MODERATE,7,1,1,1,0
2020-08-01,11.615,76.371,11.615_76.371,2020-08-01,0.8696703,0.7823828,0.9709164698918661,R1_FLOOD_LEVEL|R2_LANDSLIDE_LEVEL|R3_SUSTAINED_JOINT|R4_RISING_FLOOD|R5_RISING_LANDSLIDE|R6_ENV_PRECURSOR|R7_JOINT_MODERATE,7,1,1,1,1
2020-08-02,11.615,76.371,11.615_76.371,2020-08-02,0.8696703,0.7277579,0.9692649443944296,R1_FLOOD_LEVEL|R2_LANDSLIDE_LEVEL|R3_SUSTAINED_JOINT|R5_RISING_LANDSLIDE|R7_JOINT_MODERATE,5,1,1,1,1
2020-08-03,11.615,76.371,11.615_76.371,2020-08-03,0.8696703,0.7823828,0.9692649443944296,R1_FLOOD_LEVEL|R2_LANDSLIDE_LEVEL|R3_SUSTAINED_JOINT|R7_JOINT_MODERATE,4,1,1,1,1
2020-08-04,11.615,76.371,11.615_76.371,2020-08-04,0.8644447,0.7823828,0.9688858787218729,R1_FLOOD_LEVEL|R2_LANDSLIDE_LEVEL|R3_SUSTAINED_JOINT|R7_JOINT_MODERATE,4,1,1,1,1
2020-08-05,11.615,76.371,11.615_76.371,2020-08-05,0.8632884,0.7823828,0.970796008904775,R1_FLOOD_LEVEL|R2_LANDSLIDE_LEVEL|R3_SUSTAINED_JOINT|R7_JOINT_MODERATE,4,1,1,1,1
2020-08-06,11.615,76.371,11.615_76.371,2020-08-06,0.8597748,0.7734011,0.969658374786377,R1_FLOOD_LEVEL|R2_LANDSLIDE_LEVEL|R3_SUSTAINED_JOINT|R7_JOINT_MODERATE,4,1,1,1,1
2020-08-07,11.615,76.371,11.615_76.371,2020-08-07,0.85375756,0.70362127,0.9650437235832214,R1_FLOOD_LEVEL|R2_LANDSLIDE_LEVEL|R3_SUSTAINED_JOINT|R7_JOINT_MODERATE,4,1,1,1,0
2020-08-08,11.615,76.371,11.615_76.371,2020-08-08,0.8561179,0.6610828,0.9587059617042542,R1_FLOOD_LEVEL|R2_LANDSLIDE_LEVEL|R3_SUSTAINED_JOINT|R7_JOINT_MODERATE,4,1,1,1,0
2020-08-09,11.615,76.371,11.615_76.371,2020-08-09,0.7657822,0.5259582,0.9322879115740458,R1_FLOOD_LEVEL|R2_LANDSLIDE_LEVEL|R3_SUSTAINED_JOINT|R7_JOINT_MODERATE,4,1,1,1,0
2020-08-10,11.615,76.371,11.615_76.371,2020-08-10,0.72953415,0.42377135,0.8947855631510416,R1_FLOOD_LEVEL|R3_SUSTAINED_JOINT|R7_JOINT_MODERATE,3,1,0,0,0
2020-08-11,11.615,76.371,11.615_76.371,2020-08-11,0.6784892,0.34095007,0.8404097159703573,R1_FLOOD_LEVEL|R3_SUSTAINED_JOINT|R7_JOINT_MODERATE,3,1,0,0,0
2020-08-12,11.615,76.371,11.615_76.371,2020-08-12,0.62240475,0.27237344,0.7858366171518961,R1_FLOOD_LEVEL,1,1,0,0,0
2020-08-13,11.615,76.371,11.615_76.371,2020-08-13,0.6144243,0.1915465,0.7338800032933553,R1_FLOOD_LEVEL,1,1,0,0,0
2020-08-14,11.615,76.371,11.615_76.371,2020-08-14,0.63713706,0.32933015,0.7233901421229044,R1_FLOOD_LEVEL,1,1,0,0,0
2020-08-15,11.615,76.371,11.615_76.371,2020-08-15,0.51392895,0.32424772,0.7054850459098816,R1_FLOOD_LEVEL,1,1,0,0,0
2020-08-17,11.615,76.371,11.615_76.371,2020-08-17,0.5323927,0.21343634,0.6439958810806274,R1_FLOOD_LEVEL,1,1,0,0,0
2020-09-04,11.615,76.371,11.615_76.371,2020-09-04,0.46440813,0.3337556,0.47763633728027344,R4_RISING_FLOOD,1,0,0,0,0
2020-09-05,11.615,76.371,11.615_76.371,2020-09-05,0.6327283,0.27245995,0.5995671351750692,R1_FLOOD_LEVEL|R4_RISING_FLOOD,2,1,0,1,0
2020-09-06,11.615,76.371,11.615_76.371,2020-09-06,0.7620929,0.34421468,0.7399813532829285,R1_FLOOD_LEVEL|R4_RISING_FLOOD,2,1,0,0,0
2020-09-07,11.615,76.371,11.615_76.371,2020-09-07,0.78550595,0.5163565,0.8243468205134074,R1_FLOOD_LEVEL|R2_LANDSLIDE_LEVEL|R4_RISING_FLOOD|R5_RISING_LANDSLIDE,4,1,1,1,0
2020-09-08,11.615,76.371,11.615_76.371,2020-09-08,0.59974104,0.57219434,0.8563374280929565,R1_FLOOD_LEVEL|R2_LANDSLIDE_LEVEL|R4_RISING_FLOOD|R5_RISING_LANDSLIDE|R7_JOINT_MODERATE,5,1,1,0,0
2020-09-09,11.615,76.371,11.615_76.371,2020-09-09,0.5132658,0.21560062,0.7810781002044678,R1_FLOOD_LEVEL|R5_RISING_LANDSLIDE|R7_JOINT_MODERATE,3,1,0,1,1
2020-11-04,11.615,76.371,11.615_76.371,2020-11-04,0.45448145,0.3084803,0.5690797766049703,R4_RISING_FLOOD,1,0,0,0,0
2020-11-05,11.615,76.371,11.615_76.371,2020-11-05,0.41129023,0.17315456,0.5814807812372843,R4_RISING_FLOOD,1,0,0,0,0
2020-07-21,11.842,76.104,11.842_76.104,2020-07-21,0.77235544,0.11014071,0.7796401580174764,R1_FLOOD_LEVEL,1,1,0,0,0
2020-07-22,11.842,76.104,11.842_76.104,2020-07-22,0.6746508,0.13741569,0.7682926058769226,R1_FLOOD_LEVEL,1,1,0,0,0
2020-07-23,11.842,76.104,11.842_76.104,2020-07-23,0.5741239,0.15358318,0.7187728683153788,R1_FLOOD_LEVEL,1,1,0,0,0
2020-07-27,11.842,76.104,11.842_76.104,2020-07-27,0.7910197,0.07557321,0.6304951508839926,R1_FLOOD_LEVEL,1,1,0,1,0
2020-07-28,11.842,76.104,11.842_76.104,2020-07-28,0.8718264,0.06875719,0.7547168930371603,R1_FLOOD_LEVEL|R4_RISING_FLOOD|R6_ENV_PRECURSOR,3,1,0,1,0
2020-07-29,11.842,76.104,11.842_76.104,2020-07-29,0.8718264,0.0912387,0.8569910128911337,R1_FLOOD_LEVEL|R4_RISING_FLOOD|R6_ENV_PRECURSOR,3,1,0,1,0
2020-07-30,11.842,76.104,11.842_76.104,2020-07-30,0.8718264,0.11243092,0.8834657073020935,R1_FLOOD_LEVEL|R3_SUSTAINED_JOINT|R4_RISING_FLOOD|R6_ENV_PRECURSOR,4,1,0,1,0
2020-07-31,11.842,76.104,11.842_76.104,2020-07-31,0.8718264,0.11786837,0.8855639696121216,R1_FLOOD_LEVEL|R3_SUSTAINED_JOINT|R4_RISING_FLOOD|R6_ENV_PRECURSOR,4,1,0,1,0
2020-08-01,11.842,76.104,11.842_76.104,2020-08-01,0.8718264,0.11786837,0.8867017229398092,R1_FLOOD_LEVEL|R3_SUSTAINED_JOINT,2,1,0,1,0
2020-08-02,11.842,76.104,11.842_76.104,2020-08-02,0.8718264,0.31870914,0.8955148657162985,R1_FLOOD_LEVEL|R3_SUSTAINED_JOINT,2,1,0,1,0
2020-08-03,11.842,76.104,11.842_76.104,2020-08-03,0.8718264,0.3327152,0.9046941002209982,R1_FLOOD_LEVEL|R3_SUSTAINED_JOINT,2,1,0,1,0
2020-08-04,11.842,76.104,11.842_76.104,2020-08-04,0.86667395,0.3327152,0.9127272764841715,R1_FLOOD_LEVEL|R3_SUSTAINED_JOINT|R5_RISING_LANDSLIDE,3,1,0,1,0
2020-08-05,11.842,76.104,11.842_76.104,2020-08-05,0.86667395,0.33290732,0.9121881524721781,R1_FLOOD_LEVEL|R3_SUSTAINED_JOINT|R5_RISING_LANDSLIDE,3,1,0,1,0
2020-08-06,11.842,76.104,11.842_76.104,2020-08-06,0.86553377,0.33348343,0.9108229080835978,R1_FLOOD_LEVEL|R3_SUSTAINED_JOINT,2,1,0,1,0
2020-08-07,11.842,76.104,11.842_76.104,2020-08-07,0.86206865,0.39294356,0.912567675113678,R1_FLOOD_LEVEL|R3_SUSTAINED_JOINT,2,1,0,1,0
2020-08-08,11.842,76.104,11.842_76.104,2020-08-08,0.8707236,0.35226786,0.9143024682998657,R1_FLOOD_LEVEL|R3_SUSTAINED_JOINT,2,1,0,1,0
2020-08-09,11.842,76.104,11.842_76.104,2020-08-09,0.8561843,0.5501828,0.9226135412851969,R1_FLOOD_LEVEL|R2_LANDSLIDE_LEVEL|R3_SUSTAINED_JOINT|R5_RISING_LANDSLIDE|R7_JOINT_MODERATE,5,1,1,1,0
2020-08-10,11.842,76.104,11.842_76.104,2020-08-10,0.6924719,0.4619418,0.8953682581583658,R1_FLOOD_LEVEL|R3_SUSTAINED_JOINT|R5_RISING_LANDSLIDE|R7_JOINT_MODERATE,4,1,0,1,0
2020-08-11,11.842,76.104,11.842_76.104,2020-08-11,0.76485413,0.39482915,0.8758459488550822,R1_FLOOD_LEVEL|R3_SUSTAINED_JOINT|R5_RISING_LANDSLIDE|R7_JOINT_MODERATE,4,1,0,1,0
2020-08-12,11.842,76.104,11.842_76.104,2020-08-12,0.76381844,0.34005255,0.8454537391662598,R1_FLOOD_LEVEL|R3_SUSTAINED_JOINT|R7_JOINT_MODERATE,3,1,0,1,0
2020-08-13,11.842,76.104,11.842_76.104,2020-08-13,0.7043684,0.24395105,0.8261057535807291,R1_FLOOD_LEVEL,1,1,0,1,0
2020-08-14,11.842,76.104,11.842_76.104,2020-08-14,0.54158103,0.11686199,0.7385911544164022,R1_FLOOD_LEVEL,1,1,0,1,0
2020-08-15,11.842,76.104,11.842_76.104,2020-08-15,0.5791899,0.15930632,0.672622819741567,R1_FLOOD_LEVEL,1,1,0,1,0
2020-08-16,11.842,76.104,11.842_76.104,2020-08-16,0.5919037,0.15145952,0.6316980520884196,R1_FLOOD_LEVEL,1,1,0,0,0
2020-08-17,11.842,76.104,11.842_76.104,2020-08-17,0.67773396,0.16312008,0.6767477989196777,R1_FLOOD_LEVEL,1,1,0,1,0
2020-08-24,11.842,76.104,11.842_76.104,2020-08-24,0.5061127,0.19815521,0.5138277212778727,R1_FLOOD_LEVEL|R4_RISING_FLOOD,2,1,0,1,0
2020-08-26,11.842,76.104,11.842_76.104,2020-08-26,0.5943577,0.11067671,0.57297815879186,R1_FLOOD_LEVEL|R4_RISING_FLOOD,2,1,0,0,0
2020-08-28,11.842,76.104,11.842_76.104,2020-08-28,0.51252854,0.14599746,0.5884350935618082,R1_FLOOD_LEVEL|R4_RISING_FLOOD,2,1,0,1,0
2020-08-29,11.842,76.104,11.842_76.104,2020-08-29,0.59109896,0.12287219,0.5891313155492147,R1_FLOOD_LEVEL,1,1,0,0,0
2020-09-01,11.842,76.104,11.842_76.104,2020-09-01,0.52769524,0.14769602,0.4268554250399272,R1_FLOOD_LEVEL,1,1,0,0,0
2020-09-03,11.842,76.104,11.842_76.104,2020-09-03,0.7219356,0.113229156,0.631828228632609,R1_FLOOD_LEVEL|R4_RISING_FLOOD,2,1,0,0,0
2020-09-04,11.842,76.104,11.842_76.104,2020-09-04,0.6664555,0.1275471,0.6690100232760111,R1_FLOOD_LEVEL|R4_RISING_FLOOD,2,1,0,1,0
2020-09-05,11.842,76.104,11.842_76.104,2020-09-05,0.84141845,0.08703971,0.7725466887156168,R1_FLOOD_LEVEL|R4_RISING_FLOOD,2,1,0,0,0
2020-09-06,11.842,76.104,11.842_76.104,2020-09-06,0.8718264,0.08629584,0.8157022396723429,R1_FLOOD_LEVEL|R4_RISING_FLOOD,2,1,0,1,0
2020-09-07,11.842,76.104,11.842_76.104,2020-09-07,0.8718264,0.1365738,0.8758133848508199,R1_FLOOD_LEVEL|R4_RISING_FLOOD,2,1,0,1,0
2020-09-08,11.842,76.104,11.842_76.104,2020-09-08,0.84150606,0.12768942,0.8779876232147217,R1_FLOOD_LEVEL|R3_SUSTAINED_JOINT|R4_RISING_FLOOD,3,1,0,0,0
2020-09-09,11.842,76.104,11.842_76.104,2020-09-09,0.74497485,0.117238134,0.8419830401738485,R1_FLOOD_LEVEL|R3_SUSTAINED_JOINT,2,1,0,0,0
2020-09-10,11.842,76.104,11.842_76.104,2020-09-10,0.71836025,0.0979006,0.7941834926605225,R1_FLOOD_LEVEL,1,1,0,0,0
2020-09-11,11.842,76.104,11.842_76.104,2020-09-11,0.5475303,0.12698069,0.7085972229639689,R1_FLOOD_LEVEL,1,1,0,0,0
2020-09-12,11.842,76.104,11.842_76.104,2020-09-12,0.5929229,0.13084519,0.6657017270723978,R1_FLOOD_LEVEL,1,1,0,0,0
2020-09-13,11.842,76.104,11.842_76.104,2020-09-13,0.50060165,0.106869034,0.6017147103945414,R1_FLOOD_LEVEL,1,1,0,0,0
2020-10-03,11.842,76.104,11.842_76.104,2020-10-03,0.5072319,0.15160641,0.4232287009557088,R1_FLOOD_LEVEL|R4_RISING_FLOOD,2,1,0,1,0
2020-10-04,11.842,76.104,11.842_76.104,2020-10-04,0.3905807,0.16496298,0.46275144815444946,R4_RISING_FLOOD,1,0,0,0,0
2020-10-05,11.842,76.104,11.842_76.104,2020-10-05,0.35769576,0.1638033,0.5119861364364624,R4_RISING_FLOOD,1,0,0,0,0
2020-10-14,11.842,76.104,11.842_76.104,2020-10-14,0.311099,0.16871645,0.47613372405370075,R4_RISING_FLOOD,1,0,0,0,0
2020-10-31,11.842,76.104,11.842_76.104,2020-10-31,0.5307671,0.15511303,0.44796520471572876,R1_FLOOD_LEVEL,1,1,0,0,0
2020-11-01,11.842,76.104,11.842_76.104,2020-11-01,0.45081633,0.21063916,0.5082664291063944,R4_RISING_FLOOD,1,0,0,0,0
2020-11-02,11.842,76.104,11.842_76.104,2020-11-02,0.42853567,0.23683476,0.5779751539230347,R4_RISING_FLOOD,1,0,0,0,0
2020-11-03,11.842,76.104,11.842_76.104,2020-11-03,0.6577528,0.14444315,0.6125207543373108,R1_FLOOD_LEVEL|R4_RISING_FLOOD,2,1,0,0,0
2020-11-04,11.842,76.104,11.842_76.104,2020-11-04,0.6503497,0.44971043,0.6928858160972595,R1_FLOOD_LEVEL|R4_RISING_FLOOD,2,1,0,0,0
2020-11-05,11.842,76.104,11.842_76.104,2020-11-05,0.51082444,0.20272683,0.7082575360933939,R1_FLOOD_LEVEL|R4_RISING_FLOOD,2,1,0,0,0
2020-11-06,11.842,76.104,11.842_76.104,2020-11-06,0.84659225,0.13866964,0.7618165810902914,R1_FLOOD_LEVEL|R4_RISING_FLOOD,2,1,0,0,0
2020-11-07,11.842,76.104,11.842_76.104,2020-11-07,0.7763704,0.12944159,0.7610586881637573,R1_FLOOD_LEVEL|R4_RISING_FLOOD,2,1,0,0,0
2020-11-08,11.842,76.104,11.842_76.104,2020-11-08,0.67426026,0.10986837,0.7944104472796122,R1_FLOOD_LEVEL|R4_RISING_FLOOD,2,1,0,0,0
2020-07-21,9.283,76.774,9.283_76.774,2020-07-21,0.8572216,0.09027342,0.8765291968981425,R1_FLOOD_LEVEL|R3_SUSTAINED_JOINT,2,1,0,1,0
2020-07-22,9.283,76.774,9.283_76.774,2020-07-22,0.6913491,0.09642824,0.8232390085856119,R1_FLOOD_LEVEL,1,1,0,1,0
2020-07-23,9.283,76.774,9.283_76.774,2020-07-23,0.7738553,0.078899525,0.7943068345387777,R1_FLOOD_LEVEL,1,1,0,1,0
2020-07-24,9.283,76.774,9.283_76.774,2020-07-24,0.7777738,0.08106293,0.7695326407750448,R1_FLOOD_LEVEL,1,1,0,1,0
2020-07-25,9.283,76.774,9.283_76.774,2020-07-25,0.85925084,0.073617734,0.8190328677495321,R1_FLOOD_LEVEL,1,1,0,1,0
2020-07-26,9.283,76.774,9.283_76.774,2020-07-26,0.767662,0.07298408,0.8166731794675192,R1_FLOOD_LEVEL,1,1,0,1,0
2020-07-27,9.283,76.774,9.283_76.774,2020-07-27,0.78001845,0.087319635,0.8178195158640543,R1_FLOOD_LEVEL,1,1,0,0,0
2020-07-28,9.283,76.774,9.283_76.774,2020-07-28,0.71669304,0.09080819,0.7754218975702921,R1_FLOOD_LEVEL,1,1,0,0,0
2020-07-29,9.283,76.774,9.283_76.774,2020-07-29,0.7335128,0.12703438,0.769670844078064,R1_FLOOD_LEVEL,1,1,0,0,0
2020-07-30,9.283,76.774,9.283_76.774,2020-07-30,0.68834877,0.093995556,0.7424760063489279,R1_FLOOD_LEVEL,1,1,0,0,0
2020-07-31,9.283,76.774,9.283_76.774,2020-07-31,0.57989407,0.08941998,0.7008227705955505,R1_FLOOD_LEVEL,1,1,0,0,0
2020-08-15,9.283,76.774,9.283_76.774,2020-08-15,0.7186103,0.062230915,0.4258604049682617,R1_FLOOD_LEVEL|R4_RISING_FLOOD,2,1,0,1,0
2020-08-16,9.283,76.774,9.283_76.774,2020-08-16,0.4946405,0.08429841,0.5118540326754252,R4_RISING_FLOOD,1,0,0,0,0
2020-08-17,9.283,76.774,9.283_76.774,2020-08-17,0.51010936,0.07810322,0.6072447697321574,R1_FLOOD_LEVEL|R4_RISING_FLOOD,2,1,0,0,0
2020-08-18,9.283,76.774,9.283_76.774,2020-08-18,0.5889606,0.089004695,0.5703859726587931,R1_FLOOD_LEVEL|R4_RISING_FLOOD,2,1,0,0,0
2020-08-19,9.283,76.774,9.283_76.774,2020-08-19,0.54513663,0.090536706,0.5867449839909872,R1_FLOOD_LEVEL,1,1,0,0,0
2020-08-20,9.283,76.774,9.283_76.774,2020-08-20,0.6589031,0.069854744,0.631531278292338,R1_FLOOD_LEVEL,1,1,0,1,0
2020-09-21,9.283,76.774,9.283_76.774,2020-09-21,0.570587,0.099147454,0.42804427941640216,R1_FLOOD_LEVEL,1,1,0,0,0
2020-09-22,9.283,76.774,9.283_76.774,2020-09-22,0.77148145,0.10608695,0.580073893070221,R1_FLOOD_LEVEL|R4_RISING_FLOOD,2,1,0,1,0
2020-09-23,9.283,76.774,9.283_76.774,2020-09-23,0.8718264,0.060755063,0.7628333568572998,R1_FLOOD_LEVEL|R4_RISING_FLOOD|R6_ENV_PRECURSOR,3,1,0,1,0
2020-09-24,9.283,76.774,9.283_76.774,2020-09-24,0.8718264,0.0689875,0.852002223332723,R1_FLOOD_LEVEL|R4_RISING_FLOOD|R6_ENV_PRECURSOR,3,1,0,1,0
2020-09-25,9.283,76.774,9.283_76.774,2020-09-25,0.8718264,0.061040804,0.8799775441487631,R1_FLOOD_LEVEL|R3_SUSTAINED_JOINT|R4_RISING_FLOOD,3,1,0,1,0
2020-09-26,9.283,76.774,9.283_76.774,2020-09-26,0.85251683,0.07790299,0.8747750719388326,R1_FLOOD_LEVEL|R3_SUSTAINED_JOINT|R4_RISING_FLOOD,3,1,0,1,0
2020-09-27,9.283,76.774,9.283_76.774,2020-09-27,0.69365716,0.085788235,0.8211980859438578,R1_FLOOD_LEVEL,1,1,0,0,0
2020-09-28,9.283,76.774,9.283_76.774,2020-09-28,0.72247696,0.10312272,0.7783466378847758,R1_FLOOD_LEVEL,1,1,0,0,0
2020-09-29,9.283,76.774,9.283_76.774,2020-09-29,0.74906147,0.08922722,0.7474952340126038,R1_FLOOD_LEVEL,1,1,0,0,0
2020-09-30,9.283,76.774,9.283_76.774,2020-09-30,0.75003135,0.06873464,0.7632535894711813,R1_FLOOD_LEVEL,1,1,0,0,0
2020-10-01,9.283,76.774,9.283_76.774,2020-10-01,0.7884568,0.07601346,0.7810672720273336,R1_FLOOD_LEVEL,1,1,0,0,0
2020-10-02,9.283,76.774,9.283_76.774,2020-10-02,0.735245,0.07350019,0.7754847804705302,R1_FLOOD_LEVEL,1,1,0,0,0
2020-10-03,9.283,76.774,9.283_76.774,2020-10-03,0.540891,0.07262042,0.7111576994260153,R1_FLOOD_LEVEL,1,1,0,0,0
2020-10-04,9.283,76.774,9.283_76.774,2020-10-04,0.5252638,0.092578,0.632716695467631,R1_FLOOD_LEVEL,1,1,0,0,0
2020-10-05,9.283,76.774,9.283_76.774,2020-10-05,0.5414446,0.081698805,0.5741178592046102,R1_FLOOD_LEVEL,1,1,0,0,0
2020-10-06,9.283,76.774,9.283_76.774,2020-10-06,0.85422343,0.06498637,0.6706062952677408,R1_FLOOD_LEVEL,1,1,0,1,0
2020-10-07,9.283,76.774,9.283_76.774,2020-10-07,0.7712699,0.073167115,0.7435367902119955,R1_FLOOD_LEVEL|R4_RISING_FLOOD|R6_ENV_PRECURSOR,3,1,0,0,0
2020-10-08,9.283,76.774,9.283_76.774,2020-10-08,0.73056734,0.07243057,0.8005949457486471,R1_FLOOD_LEVEL|R4_RISING_FLOOD|R6_ENV_PRECURSOR,3,1,0,1,0
2020-10-09,9.283,76.774,9.283_76.774,2020-10-09,0.54748166,0.08490982,0.7079976002375284,R1_FLOOD_LEVEL,1,1,0,0,0
2020-10-10,9.283,76.774,9.283_76.774,2020-10-10,0.52224827,0.08801725,0.633428672949473,R1_FLOOD_LEVEL,1,1,0,0,0
2020-10-11,9.283,76.774,9.283_76.774,2020-10-11,0.53242433,0.10178494,0.5767400066057841,R1_FLOOD_LEVEL,1,1,0,0,0
2020-10-28,9.283,76.774,9.283_76.774,2020-10-28,0.6080992,0.1246029,0.43462465206782025,R1_FLOOD_LEVEL,1,1,0,0,0
2020-10-29,9.283,76.774,9.283_76.774,2020-10-29,0.4587079,0.08433894,0.4852833350499471,R4_RISING_FLOOD,1,0,0,0,0
2020-10-30,9.283,76.774,9.283_76.774,2020-10-30,0.66912985,0.06149856,0.6169230143229166,R1_FLOOD_LEVEL|R4_RISING_FLOOD,2,1,0,0,0
2020-10-31,9.283,76.774,9.283_76.774,2020-10-31,0.70104057,0.06415059,0.6380189657211304,R1_FLOOD_LEVEL|R4_RISING_FLOOD,2,1,0,1,0
2020-11-01,9.283,76.774,9.283_76.774,2020-11-01,0.69180095,0.061855797,0.7068539261817932,R1_FLOOD_LEVEL|R4_RISING_FLOOD,2,1,0,0,0
2020-11-02,9.283,76.774,9.283_76.774,2020-11-02,0.733723,0.07381788,0.7281542817751566,R1_FLOOD_LEVEL|R4_RISING_FLOOD,2,1,0,0,0
2020-11-03,9.283,76.774,9.283_76.774,2020-11-03,0.7295669,0.06921109,0.7375092307726542,R1_FLOOD_LEVEL|R4_RISING_FLOOD,2,1,0,1,0
2020-11-04,9.283,76.774,9.283_76.774,2020-11-04,0.52174026,0.07245132,0.6860178907712301,R1_FLOOD_LEVEL,1,1,0,0,0
2020-11-05,9.283,76.774,9.283_76.774,2020-11-05,0.5109106,0.0872026,0.6194117069244385,R1_FLOOD_LEVEL,1,1,0,0,0
2020-11-06,9.283,76.774,9.283_76.774,2020-11-06,0.51449215,0.084692664,0.555187463760376,R1_FLOOD_LEVEL,1,1,0,0,0
2020-11-07,9.283,76.774,9.283_76.774,2020-11-07,0.530169,0.085263096,0.5597999294598898,R1_FLOOD_LEVEL,1,1,0,0,0
2020-12-16,9.283,76.774,9.283_76.774,2020-12-16,0.5388351,0.14815533,0.46511892477671307,R1_FLOOD_LEVEL|R4_RISING_FLOOD,2,1,0,0,0
2020-12-17,9.283,76.774,9.283_76.774,2020-12-17,0.7382022,0.078315035,0.5670885245005289,R1_FLOOD_LEVEL|R4_RISING_FLOOD,2,1,0,1,0
2020-12-18,9.283,76.774,9.283_76.774,2020-12-18,0.8612062,0.18960069,0.7511285344759623,R1_FLOOD_LEVEL|R4_RISING_FLOOD|R6_ENV_PRECURSOR,3,1,0,1,0
2020-12-19,9.283,76.774,9.283_76.774,2020-12-19,0.8663494,0.08912761,0.841495931148529,R1_FLOOD_LEVEL|R4_RISING_FLOOD|R6_ENV_PRECURSOR,3,1,0,1,0
2020-12-20,9.283,76.774,9.283_76.774,2020-12-20,0.792161,0.08220166,0.8583428661028544,R1_FLOOD_LEVEL|R3_SUSTAINED_JOINT|R4_RISING_FLOOD,3,1,0,0,0
2020-12-21,9.283,76.774,9.283_76.774,2020-12-21,0.73389864,0.08075317,0.8142980734507242,R1_FLOOD_LEVEL|R4_RISING_FLOOD,2,1,0,1,0
2020-12-22,9.283,76.774,9.283_76.774,2020-12-22,0.6877626,0.08474794,0.7596189975738525,R1_FLOOD_LEVEL,1,1,0,0,0
2020-12-23,9.283,76.774,9.283_76.774,2020-12-23,0.86849993,0.073810086,0.7826057473818461,R1_FLOOD_LEVEL,1,1,0,1,0
2020-12-24,9.283,76.774,9.283_76.774,2020-12-24,0.7256731,0.07776061,0.7798116405804952,R1_FLOOD_LEVEL,1,1,0,0,0
2020-12-25,9.283,76.774,9.283_76.774,2020-12-25,0.76902854,0.0756594,0.8039048314094543,R1_FLOOD_LEVEL,1,1,0,0,0
2020-12-26,9.283,76.774,9.283_76.774,2020-12-26,0.7159486,0.07213331,0.7566488981246948,R1_FLOOD_LEVEL,1,1,0,0,0
2020-12-27,9.283,76.774,9.283_76.774,2020-12-27,0.55343354,0.08329662,0.7045242786407471,R1_FLOOD_LEVEL,1,1,0,0,0
2020-12-28,9.283,76.774,9.283_76.774,2020-12-28,0.5309589,0.08093306,0.6319963137308756,R1_FLOOD_LEVEL,1,1,0,0,0
2020-12-29,9.283,76.774,9.283_76.774,2020-12-29,0.5309589,0.082368754,0.5763813257217407,R1_FLOOD_LEVEL,1,1,0,0,0
2020-07-21,9.641,77.119,9.641_77.119,2020-07-21,0.8511729,0.74060416,0.9669153690338135,R1_FLOOD_LEVEL|R2_LANDSLIDE_LEVEL|R3_SUSTAINED_JOINT|R7_JOINT_MODERATE,4,1,1,1,0
2020-07-22,9.641,77.119,9.641_77.119,2020-07-22,0.7207531,0.4902144,0.923234224319458,R1_FLOOD_LEVEL|R3_SUSTAINED_JOINT|R7_JOINT_MODERATE,3,1,0,1,0
2020-07-23,9.641,77.119,9.641_77.119,2020-07-23,0.76705134,0.5474306,0.9045378168423971,R1_FLOOD_LEVEL|R2_LANDSLIDE_LEVEL|R3_SUSTAINED_JOINT|R7_JOINT_MODERATE,4,1,1,0,0
2020-07-24,9.641,77.119,9.641_77.119,2020-07-24,0.72699577,0.43504223,0.8659942348798116,R1_FLOOD_LEVEL|R3_SUSTAINED_JOINT|R7_JOINT_MODERATE,3,1,0,0,1
2020-07-25,9.641,77.119,9.641_77.119,2020-07-25,0.8213957,0.427216,0.8793456753094991,R1_FLOOD_LEVEL|R3_SUSTAINED_JOINT|R7_JOINT_MODERATE,3,1,0,1,0
2020-07-26,9.641,77.119,9.641_77.119,2020-07-26,0.74137396,0.29499295,0.8537097573280334,R1_FLOOD_LEVEL|R3_SUSTAINED_JOINT|R7_JOINT_MODERATE,3,1,0,1,0
2020-07-27,9.641,77.119,9.641_77.119,2020-07-27,0.50231385,0.39351115,0.8045080105463663,R1_FLOOD_LEVEL,1,1,0,0,0
2020-07-28,9.641,77.119,9.641_77.119,2020-07-28,0.5382057,0.47310993,0.7575036287307739,R1_FLOOD_LEVEL|R7_JOINT_MODERATE,2,1,0,0,0
2020-07-29,9.641,77.119,9.641_77.119,2020-07-29,0.47670865,0.48151714,0.7278421521186829,R7_JOINT_MODERATE,1,0,0,0,0
2020-07-30,9.641,77.119,9.641_77.119,2020-07-30,0.45539227,0.34555817,0.7096511522928873,R7_JOINT_MODERATE,1,0,0,0,0
2020-07-31,9.641,77.119,9.641_77.119,2020-07-31,0.34515533,0.3638176,0.6518892248471578,R7_JOINT_MODERATE,1,0,0,0,0
2020-08-07,9.641,77.119,9.641_77.119,2020-08-07,0.2759476,0.35599944,0.5633307894070944,R5_RISING_LANDSLIDE,1,0,0,0,0
2020-08-11,9.641,77.119,9.641_77.119,2020-08-11,0.35247585,0.53521484,0.6344594160715739,R2_LANDSLIDE_LEVEL|R5_RISING_LANDSLIDE,2,0,1,0,0
2020-08-12,9.641,77.119,9.641_77.119,2020-08-12,0.3037722,0.49505833,0.6717394590377808,R5_RISING_LANDSLIDE,1,0,0,0,0
2020-08-16,9.641,77.119,9.641_77.119,2020-08-16,0.49069571,0.35567608,0.6330187916755676,R4_RISING_FLOOD|R7_JOINT_MODERATE,2,0,0,0,0
2020-08-17,9.641,77.119,9.641_77.119,2020-08-17,0.3081355,0.25556865,0.6014727751413981,R4_RISING_FLOOD,1,0,0,0,0
2020-08-18,9.641,77.119,9.641_77.119,2020-08-18,0.36504617,0.32573763,0.5762239694595337,R4_RISING_FLOOD,1,0,0,0,0
2020-08-21,9.641,77.119,9.641_77.119,2020-08-21,0.5953414,0.3163616,0.6129635572433472,R1_FLOOD_LEVEL,1,1,0,0,0
2020-08-22,9.641,77.119,9.641_77.119,2020-08-22,0.36781222,0.2837969,0.6047128041585287,R4_RISING_FLOOD,1,0,0,0,0
2020-09-06,9.641,77.119,9.641_77.119,2020-09-06,0.23580526,0.41603374,0.5280507206916809,R5_RISING_LANDSLIDE,1,0,0,0,0
2020-09-07,9.641,77.119,9.641_77.119,2020-09-07,0.25739402,0.27854013,0.5321329236030579,R5_RISING_LANDSLIDE,1,0,0,0,0
2020-09-21,9.641,77.119,9.641_77.119,2020-09-21,0.3174501,0.5332262,0.49722280104955036,R2_LANDSLIDE_LEVEL,1,0,1,0,0
2020-09-22,9.641,77.119,9.641_77.119,2020-09-22,0.59447044,0.51402694,0.6299829483032227,R1_FLOOD_LEVEL|R2_LANDSLIDE_LEVEL|R4_RISING_FLOOD|R5_RISING_LANDSLIDE|R6_ENV_PRECURSOR,5,1,1,1,0
2020-09-23,9.641,77.119,9.641_77.119,2020-09-23,0.7917267,0.68017066,0.8059050838152567,R1_FLOOD_LEVEL|R2_LANDSLIDE_LEVEL|R4_RISING_FLOOD|R5_RISING_LANDSLIDE|R6_ENV_PRECURSOR|R7_JOINT_MODERATE,6,1,1,1,0
2020-09-24,9.641,77.119,9.641_77.119,2020-09-24,0.80035824,0.7247347,0.8937857349713644,R1_FLOOD_LEVEL|R2_LANDSLIDE_LEVEL|R4_RISING_FLOOD|R5_RISING_LANDSLIDE|R6_ENV_PRECURSOR|R7_JOINT_MODERATE,6,1,1,0,0
2020-09-25,9.641,77.119,9.641_77.119,2020-09-25,0.79681623,0.7125712,0.9400109251340231,R1_FLOOD_LEVEL|R2_LANDSLIDE_LEVEL|R3_SUSTAINED_JOINT|R4_RISING_FLOOD|R5_RISING_LANDSLIDE|R7_JOINT_MODERATE,6,1,1,0,0
2020-09-26,9.641,77.119,9.641_77.119,2020-09-26,0.56361914,0.4953643,0.8888104359308878,R1_FLOOD_LEVEL|R3_SUSTAINED_JOINT|R4_RISING_FLOOD|R7_JOINT_MODERATE,4,1,0,0,0
2020-09-27,9.641,77.119,9.641_77.119,2020-09-27,0.547907,0.43867204,0.8225377798080444,R1_FLOOD_LEVEL|R7_JOINT_MODERATE,2,1,0,0,0
2020-09-28,9.641,77.119,9.641_77.119,2020-09-28,0.5159875,0.3439436,0.7361582517623901,R1_FLOOD_LEVEL|R7_JOINT_MODERATE,2,1,0,0,0
2020-10-31,9.641,77.119,9.641_77.119,2020-10-31,0.45788616,0.34209445,0.5650901595751444,R4_RISING_FLOOD,1,0,0,0,0
2020-11-01,9.641,77.119,9.641_77.119,2020-11-01,0.49179348,0.5228538,0.656532347202301,R2_LANDSLIDE_LEVEL|R4_RISING_FLOOD|R5_RISING_LANDSLIDE|R7_JOINT_MODERATE,4,0,1,0,0
2020-11-02,9.641,77.119,9.641_77.119,2020-11-02,0.46131712,0.291015,0.6729778051376343,R4_RISING_FLOOD|R7_JOINT_MODERATE,2,0,0,0,0
2020-11-03,9.641,77.119,9.641_77.119,2020-11-03,0.56360185,0.3202694,0.6929866472880045,R1_FLOOD_LEVEL|R4_RISING_FLOOD,2,1,0,0,0
2020-12-17,9.641,77.119,9.641_77.119,2020-12-17,0.5496944,0.5026974,0.5706211725870768,R1_FLOOD_LEVEL|R2_LANDSLIDE_LEVEL|R4_RISING_FLOOD|R5_RISING_LANDSLIDE,4,1,1,0,1
2020-12-18,9.641,77.119,9.641_77.119,2020-12-18,0.61111313,0.48168424,0.7250471909840902,R1_FLOOD_LEVEL|R4_RISING_FLOOD|R5_RISING_LANDSLIDE|R6_ENV_PRECURSOR|R7_JOINT_MODERATE,5,1,0,0,0
2020-12-19,9.641,77.119,9.641_77.119,2020-12-19,0.78128815,0.6592381,0.8333223263422648,R1_FLOOD_LEVEL|R2_LANDSLIDE_LEVEL|R4_RISING_FLOOD|R5_RISING_LANDSLIDE|R6_ENV_PRECURSOR|R7_JOINT_MODERATE,6,1,1,0,0
2020-12-20,9.641,77.119,9.641_77.119,2020-12-20,0.5648782,0.48737955,0.8336175878842672,R1_FLOOD_LEVEL|R4_RISING_FLOOD|R5_RISING_LANDSLIDE|R7_JOINT_MODERATE,4,1,0,0,0
2020-12-21,9.641,77.119,9.641_77.119,2020-12-21,0.46227434,0.21608531,0.7602959672609965,R4_RISING_FLOOD|R7_JOINT_MODERATE,2,0,0,0,0
2020-12-23,9.641,77.119,9.641_77.119,2020-12-23,0.74155104,0.6329484,0.6742722193400065,R1_FLOOD_LEVEL|R2_LANDSLIDE_LEVEL,2,1,1,0,0
2020-12-24,9.641,77.119,9.641_77.119,2020-12-24,0.5948084,0.48924744,0.7457983692487081,R1_FLOOD_LEVEL|R7_JOINT_MODERATE,2,1,0,0,0
2020-12-25,9.641,77.119,9.641_77.119,2020-12-25,0.37144992,0.3879247,0.7711544235547384,R4_RISING_FLOOD|R5_RISING_LANDSLIDE|R7_JOINT_MODERATE,3,0,0,0,0
2020-07-21,9.986,77.463,9.986_77.463,2020-07-21,0.752231,0.8899197,0.9805187384287516,R1_FLOOD_LEVEL|R2_LANDSLIDE_LEVEL|R3_SUSTAINED_JOINT|R7_JOINT_MODERATE,4,1,1,0,1
2020-07-22,9.986,77.463,9.986_77.463,2020-07-22,0.60579973,0.8910472,0.970766027768453,R1_FLOOD_LEVEL|R2_LANDSLIDE_LEVEL|R3_SUSTAINED_JOINT|R7_JOINT_MODERATE,4,1,1,0,1
2020-07-23,9.986,77.463,9.986_77.463,2020-07-23,0.6124918,0.88822347,0.9621539910634359,R1_FLOOD_LEVEL|R2_LANDSLIDE_LEVEL|R3_SUSTAINED_JOINT|R7_JOINT_MODERATE,4,1,1,0,1
2020-07-24,9.986,77.463,9.986_77.463,2020-07-24,0.62700176,0.8568523,0.9534475406010946,R1_FLOOD_LEVEL|R2_LANDSLIDE_LEVEL|R3_SUSTAINED_JOINT|R7_JOINT_MODERATE,4,1,1,0,1
2020-07-25,9.986,77.463,9.986_77.463,2020-07-25,0.5906598,0.8759256,0.9508343935012817,R1_FLOOD_LEVEL|R2_LANDSLIDE_LEVEL|R3_SUSTAINED_JOINT|R7_JOINT_MODERATE,4,1,1,0,1
2020-07-26,9.986,77.463,9.986_77.463,2020-07-26,0.5185328,0.8131676,0.9352879524230957,R1_FLOOD_LEVEL|R2_LANDSLIDE_LEVEL|R3_SUSTAINED_JOINT|R7_JOINT_MODERATE,4,1,1,0,0
2020-07-27,9.986,77.463,9.986_77.463,2020-07-27,0.3192253,0.7986873,0.907403031984965,R2_LANDSLIDE_LEVEL|R3_SUSTAINED_JOINT|R7_JOINT_MODERATE,3,0,1,0,0
2020-07-28,9.986,77.463,9.986_77.463,2020-07-28,0.43215308,0.46976665,0.823968787988027,R7_JOINT_MODERATE,1,0,0,0,0
2020-07-30,9.986,77.463,9.986_77.463,2020-07-30,0.33290198,0.508497,0.6640203396479288,R2_LANDSLIDE_LEVEL,1,0,1,0,0
2020-08-15,9.986,77.463,9.986_77.463,2020-08-15,0.18633476,0.7877992,0.6234790881474813,R2_LANDSLIDE_LEVEL|R5_RISING_LANDSLIDE,2,0,1,0,1
2020-08-16,9.986,77.463,9.986_77.463,2020-08-16,0.19771852,0.81388557,0.7327879269917806,R2_LANDSLIDE_LEVEL|R5_RISING_LANDSLIDE,2,0,1,0,0
2020-08-17,9.986,77.463,9.986_77.463,2020-08-17,0.23743099,0.7157597,0.8204235037167867,R2_LANDSLIDE_LEVEL|R5_RISING_LANDSLIDE,2,0,1,0,0
2020-08-18,9.986,77.463,9.986_77.463,2020-08-18,0.24455574,0.5119268,0.7550729513168335,R2_LANDSLIDE_LEVEL|R5_RISING_LANDSLIDE,2,0,1,0,0
2020-08-19,9.986,77.463,9.986_77.463,2020-08-19,0.31040028,0.5470321,0.7007228334744772,R2_LANDSLIDE_LEVEL,1,0,1,0,0
2020-08-20,9.986,77.463,9.986_77.463,2020-08-20,0.2031689,0.76303804,0.7100342114766439,R2_LANDSLIDE_LEVEL,1,0,1,0,0
2020-08-21,9.986,77.463,9.986_77.463,2020-08-21,0.2362896,0.64335936,0.742148200670878,R2_LANDSLIDE_LEVEL,1,0,1,0,0
2020-09-05,9.986,77.463,9.986_77.463,2020-09-05,0.22295664,0.5190457,0.5029057661692301,R2_LANDSLIDE_LEVEL,1,0,1,0,0
2020-09-06,9.986,77.463,9.986_77.463,2020-09-06,0.20125608,0.5488993,0.5694111982981364,R2_LANDSLIDE_LEVEL,1,0,1,0,0
2020-09-07,9.986,77.463,9.986_77.463,2020-09-07,0.25656044,0.3707954,0.5993960499763489,R5_RISING_LANDSLIDE,1,0,0,0,0
2020-09-21,9.986,77.463,9.986_77.463,2020-09-21,0.20507397,0.63679796,0.45371387402216595,R2_LANDSLIDE_LEVEL|R5_RISING_LANDSLIDE,2,0,1,0,1
2020-09-22,9.986,77.463,9.986_77.463,2020-09-22,0.22997846,0.8788762,0.6539000074068705,R2_LANDSLIDE_LEVEL|R5_RISING_LANDSLIDE|R6_ENV_PRECURSOR,3,0,1,0,1
2020-09-23,9.986,77.463,9.986_77.463,2020-09-23,0.3860708,0.8850382,0.84914497534434,R2_LANDSLIDE_LEVEL|R5_RISING_LANDSLIDE|R6_ENV_PRECURSOR,3,0,1,1,1
2020-09-24,9.986,77.463,9.986_77.463,2020-09-24,0.3906856,0.9206827,0.929274837176005,R2_LANDSLIDE_LEVEL|R3_SUSTAINED_JOINT|R5_RISING_LANDSLIDE|R6_ENV_PRECURSOR,4,0,1,0,1
2020-09-25,9.986,77.463,9.986_77.463,2020-09-25,0.3476801,0.93360263,0.9459267059961954,R2_LANDSLIDE_LEVEL|R3_SUSTAINED_JOINT|R4_RISING_FLOOD|R5_RISING_LANDSLIDE|R6_ENV_PRECURSOR,5,0,1,0,0
2020-09-26,9.986,77.463,9.986_77.463,2020-09-26,0.3195302,0.8727768,0.9405956466992696,R2_LANDSLIDE_LEVEL|R3_SUSTAINED_JOINT|R4_RISING_FLOOD|R5_RISING_LANDSLIDE,4,0,1,0,1
2020-09-27,9.986,77.463,9.986_77.463,2020-09-27,0.33317432,0.85861653,0.9252793391545614,R2_LANDSLIDE_LEVEL|R3_SUSTAINED_JOINT,2,0,1,0,0
2020-09-28,9.986,77.463,9.986_77.463,2020-09-28,0.36778942,0.7757254,0.8924538493156433,R2_LANDSLIDE_LEVEL|R3_SUSTAINED_JOINT,2,0,1,0,0
2020-09-29,9.986,77.463,9.986_77.463,2020-09-29,0.30606917,0.65979666,0.8426185051600138,R2_LANDSLIDE_LEVEL|R3_SUSTAINED_JOINT,2,0,1,0,0
2020-09-30,9.986,77.463,9.986_77.463,2020-09-30,0.3291674,0.79017943,0.8271263837814331,R2_LANDSLIDE_LEVEL,1,0,1,0,0
2020-10-01,9.986,77.463,9.986_77.463,2020-10-01,0.46682405,0.836824,0.8453888098398844,R2_LANDSLIDE_LEVEL,1,0,1,1,0
2020-10-02,9.986,77.463,9.986_77.463,2020-10-02,0.3987852,0.7837048,0.8807347218195597,R2_LANDSLIDE_LEVEL|R3_SUSTAINED_JOINT|R7_JOINT_MODERATE,3,0,1,0,0
2020-10-03,9.986,77.463,9.986_77.463,2020-10-03,0.33587676,0.69276893,0.8596397837003072,R2_LANDSLIDE_LEVEL|R3_SUSTAINED_JOINT|R7_JOINT_MODERATE,3,0,1,0,0
2020-10-04,9.986,77.463,9.986_77.463,2020-10-04,0.22314894,0.50866395,0.7614086469014486,R2_LANDSLIDE_LEVEL,1,0,1,0,0
2020-10-05,9.986,77.463,9.986_77.463,2020-10-05,0.2653683,0.50499433,0.6835396488507589,R2_LANDSLIDE_LEVEL,1,0,1,0,0
2020-10-06,9.986,77.463,9.986_77.463,2020-10-06,0.3761579,0.8213496,0.7144028743108114,R2_LANDSLIDE_LEVEL,1,0,1,0,0
2020-10-07,9.986,77.463,9.986_77.463,2020-10-07,0.3276354,0.7374359,0.7827882369359335,R2_LANDSLIDE_LEVEL,1,0,1,0,0
2020-10-08,9.986,77.463,9.986_77.463,2020-10-08,0.20788805,0.54917455,0.7849691311518351,R2_LANDSLIDE_LEVEL|R5_RISING_LANDSLIDE,2,0,1,0,0
2020-10-11,9.986,77.463,9.986_77.463,2020-10-11,0.19950113,0.58121747,0.5844462116559347,R2_LANDSLIDE_LEVEL,1,0,1,0,0
2020-10-12,9.986,77.463,9.986_77.463,2020-10-12,0.29516134,0.5158724,0.624793271223704,R2_LANDSLIDE_LEVEL,1,0,1,0,0
2020-10-22,9.986,77.463,9.986_77.463,2020-10-22,0.16934097,0.53665185,0.5057908892631531,R2_LANDSLIDE_LEVEL,1,0,1,0,0
2020-10-23,9.986,77.463,9.986_77.463,2020-10-23,0.21204232,0.4693519,0.5585744579633077,R5_RISING_LANDSLIDE,1,0,0,0,0
2020-10-24,9.986,77.463,9.986_77.463,2020-10-24,0.21407588,0.59678483,0.6266969442367554,R2_LANDSLIDE_LEVEL|R5_RISING_LANDSLIDE,2,0,1,0,0
2020-10-29,9.986,77.463,9.986_77.463,2020-10-29,0.17123143,0.64093417,0.6162376403808594,R2_LANDSLIDE_LEVEL,1,0,1,0,0
2020-10-30,9.986,77.463,9.986_77.463,2020-10-30,0.19683532,0.79942316,0.7091388702392578,R2_LANDSLIDE_LEVEL|R5_RISING_LANDSLIDE,2,0,1,0,1
2020-10-31,9.986,77.463,9.986_77.463,2020-10-31,0.19683532,0.80754167,0.7955818573633829,R2_LANDSLIDE_LEVEL|R5_RISING_LANDSLIDE,2,0,1,0,0
2020-11-01,9.986,77.463,9.986_77.463,2020-11-01,0.38681427,0.88204354,0.8706662853558859,R2_LANDSLIDE_LEVEL|R5_RISING_LANDSLIDE,2,0,1,0,0
2020-11-02,9.986,77.463,9.986_77.463,2020-11-02,0.20038718,0.7211697,0.8500462571779887,R2_LANDSLIDE_LEVEL|R3_SUSTAINED_JOINT|R5_RISING_LANDSLIDE,3,0,1,0,0
2020-11-03,9.986,77.463,9.986_77.463,2020-11-03,0.2017719,0.8275912,0.8556976318359375,R2_LANDSLIDE_LEVEL|R3_SUSTAINED_JOINT,2,0,1,0,0
2020-11-04,9.986,77.463,9.986_77.463,2020-11-04,0.22818306,0.64122844,0.7875053683916727,R2_LANDSLIDE_LEVEL,1,0,1,0,0
2020-11-06,9.986,77.463,9.986_77.463,2020-11-06,0.2094916,0.5294955,0.666587750116984,R2_LANDSLIDE_LEVEL,1,0,1,0,1
2020-12-16,9.986,77.463,9.986_77.463,2020-12-16,0.20044725,0.62493324,0.49887357155481976,R2_LANDSLIDE_LEVEL|R5_RISING_LANDSLIDE,2,0,1,0,0
2020-12-17,9.986,77.463,9.986_77.463,2020-12-17,0.26048496,0.87363476,0.6613392432530721,R2_LANDSLIDE_LEVEL|R5_RISING_LANDSLIDE|R6_ENV_PRECURSOR,3,0,1,0,1
2020-12-18,9.986,77.463,9.986_77.463,2020-12-18,0.35851493,0.86196834,0.8393733700116476,R2_LANDSLIDE_LEVEL|R5_RISING_LANDSLIDE|R6_ENV_PRECURSOR,3,0,1,0,1
2020-12-19,9.986,77.463,9.986_77.463,2020-12-19,0.347418,0.8765281,0.9124767382939657,R2_LANDSLIDE_LEVEL|R3_SUSTAINED_JOINT|R5_RISING_LANDSLIDE|R6_ENV_PRECURSOR,4,0,1,0,0
2020-12-20,9.986,77.463,9.986_77.463,2020-12-20,0.30904555,0.83634025,0.9059325853983561,R2_LANDSLIDE_LEVEL|R3_SUSTAINED_JOINT|R4_RISING_FLOOD|R5_RISING_LANDSLIDE,4,0,1,0,0
2020-12-21,9.986,77.463,9.986_77.463,2020-12-21,0.3217228,0.6368132,0.8533339103062948,R2_LANDSLIDE_LEVEL|R3_SUSTAINED_JOINT,2,0,1,0,0
2020-12-23,9.986,77.463,9.986_77.463,2020-12-23,0.3385773,0.8743017,0.7060836553573608,R2_LANDSLIDE_LEVEL,1,0,1,0,0
2020-12-24,9.986,77.463,9.986_77.463,2020-12-24,0.31929824,0.8781399,0.7605473001797994,R2_LANDSLIDE_LEVEL,1,0,1,0,0
2020-12-25,9.986,77.463,9.986_77.463,2020-12-25,0.26220167,0.81179214,0.8983501593271891,R2_LANDSLIDE_LEVEL|R5_RISING_LANDSLIDE,2,0,1,0,0
2020-12-26,9.986,77.463,9.986_77.463,2020-12-26,0.29471183,0.5054791,0.8098034858703613,R2_LANDSLIDE_LEVEL|R5_RISING_LANDSLIDE,2,0,1,0,0
2020-12-27,9.986,77.463,9.986_77.463,2020-12-27,0.3115465,0.527256,0.7289661963780721,R2_LANDSLIDE_LEVEL,1,0,1,0,0
