district_chirps,district_geoboundaries,shape_id,latitude,longitude,centroid_inside_polygon,area_km2,min_lon,min_lat,max_lon,max_lat
Kasaragod,Kasaragod,76128533B63366045987285,12.45993,75.15314,True,2005.7,74.868,12.0892,75.4338,12.7962
Kannur,Kannur,76128533B41976979530466,12.001,75.52542,True,2972.0,75.1649,11.6751,75.9409,12.3016
Wayanad,Wayanad,76128533B82539771173603,11.7109,76.08737,True,2027.3,75.7742,11.4515,76.4443,11.9781
Kozhikode,Kozhikode,76128533B3985531353014,11.48426,75.83435,True,2370.3,75.5365,11.1227,76.1479,11.8056
Malappuram,Malappuram,76128533B83861010847920,11.13281,76.15629,True,3551.1,75.826,10.6853,76.5505,11.5284
Palakkad,Palakkad,76128533B19581555782120,10.79598,76.55899,True,4501.2,76.029,10.3341,76.9098,11.2403
Thrissur,Thrissur,76128533B75696328527555,10.47192,76.31575,True,3043.8,75.9565,10.1749,76.9054,10.783
Ernakulam,Ernakulam,76128533B75519739609062,10.08408,76.5463,True,3071.7,76.1633,9.7899,77.0901,10.303
Idukki,Idukki,76128533B35083559759016,9.83875,77.0588,True,4357.0,76.6296,9.2727,77.4133,10.3565
Kottayam,Kottayam,76128533B2576169508425,9.63819,76.65185,True,2200.2,76.3669,9.4005,76.9861,9.8581
Alappuzha,Alappuzha,76128533B86368264587575,9.42945,76.44763,True,1433.6,76.277,9.1101,76.6925,9.8916
Pattanamtitta,Pathanamthitta,76128533B29330052395581,9.28512,76.92861,True,2652.0,76.4757,9.0719,77.2852,9.4848
Kollam,Kollam,76128533B61117593923933,8.96209,76.87268,True,2506.5,76.4678,8.7607,77.2657,9.174
Thiruvananthapuram,Thiruvananthapuram,76128533B33162455176756,8.60859,77.01251,True,2222.7,76.6675,8.2905,77.2848,8.8625
