split,system,district_days,warning_days,pct_in_warning
train,tcdl_coupled,46256,14766,31.92
train,tcdl_coupling_rules_only,46256,8504,18.38
train,flood_only,46256,13403,28.98
train,landslide_only,46256,2184,4.72
validation,tcdl_coupled,9912,3911,39.46
validation,tcdl_coupling_rules_only,9912,2455,24.77
validation,flood_only,9912,3638,36.7
validation,landslide_only,9912,664,6.7
test,tcdl_coupled,9912,3183,32.11
test,tcdl_coupling_rules_only,9912,1873,18.9
test,flood_only,9912,2938,29.64
test,landslide_only,9912,380,3.83
