system,hazard_type,location_id,district,latitude,longitude,event_timestamp,detected,first_warning_timestamp,lead_time_days_earliest,lead_time_hours_earliest,lead_time_days_contiguous,lead_time_hours_contiguous
flood_only,any_hazard,10.08408_76.5463,Ernakulam,10.08408,76.5463,2023-06-28,1,2023-06-14,14.0,336.0,31.0,744.0
flood_only,any_hazard,10.08408_76.5463,Ernakulam,10.08408,76.5463,2023-10-14,1,2023-09-30,14.0,336.0,0.0,0.0
flood_only,any_hazard,10.08408_76.5463,Ernakulam,10.08408,76.5463,2023-11-05,1,2023-11-05,0.0,0.0,0.0,0.0
flood_only,any_hazard,10.08408_76.5463,Ernakulam,10.08408,76.5463,2024-05-19,1,2024-05-12,7.0,168.0,7.0,168.0
flood_only,any_hazard,10.08408_76.5463,Ernakulam,10.08408,76.5463,2024-05-28,1,2024-05-14,14.0,336.0,16.0,384.0
flood_only,any_hazard,10.08408_76.5463,Ernakulam,10.08408,76.5463,2024-08-22,1,2024-08-08,14.0,336.0,60.0,1440.0
flood_only,any_hazard,10.47192_76.31575,Thrissur,10.47192,76.31575,2023-07-23,1,2023-07-09,14.0,336.0,1.0,24.0
flood_only,any_hazard,10.47192_76.31575,Thrissur,10.47192,76.31575,2023-11-05,1,2023-11-03,2.0,48.0,2.0,48.0
flood_only,any_hazard,10.47192_76.31575,Thrissur,10.47192,76.31575,2024-05-19,1,2024-05-09,10.0,240.0,10.0,240.0
flood_only,any_hazard,10.47192_76.31575,Thrissur,10.47192,76.31575,2024-05-31,1,2024-05-17,14.0,336.0,22.0,528.0
flood_only,any_hazard,10.79598_76.55899,Palakkad,10.79598,76.55899,2024-05-19,1,2024-05-15,4.0,96.0,0.0,0.0
flood_only,any_hazard,10.79598_76.55899,Palakkad,10.79598,76.55899,2024-07-13,1,2024-06-29,14.0,336.0,1.0,24.0
flood_only,any_hazard,10.79598_76.55899,Palakkad,10.79598,76.55899,2024-07-15,1,2024-07-01,14.0,336.0,3.0,72.0
flood_only,any_hazard,10.79598_76.55899,Palakkad,10.79598,76.55899,2024-07-29,1,2024-07-15,14.0,336.0,17.0,408.0
flood_only,any_hazard,10.79598_76.55899,Palakkad,10.79598,76.55899,2024-08-29,1,2024-08-15,14.0,336.0,0.0,0.0
flood_only,any_hazard,11.13281_76.15629,Malappuram,11.13281,76.15629,2023-07-10,1,2023-06-26,14.0,336.0,29.0,696.0
flood_only,any_hazard,11.13281_76.15629,Malappuram,11.13281,76.15629,2024-05-19,1,2024-05-15,4.0,96.0,0.0,0.0
flood_only,any_hazard,11.13281_76.15629,Malappuram,11.13281,76.15629,2024-07-16,1,2024-07-02,14.0,336.0,24.0,576.0
flood_only,any_hazard,11.48426_75.83435,Kozhikode,11.48426,75.83435,2023-06-28,1,2023-06-14,14.0,336.0,8.0,192.0
flood_only,any_hazard,11.48426_75.83435,Kozhikode,11.48426,75.83435,2023-07-03,1,2023-06-20,13.0,312.0,0.0,0.0
flood_only,any_hazard,11.48426_75.83435,Kozhikode,11.48426,75.83435,2024-05-19,1,2024-05-15,4.0,96.0,0.0,0.0
flood_only,any_hazard,11.48426_75.83435,Kozhikode,11.48426,75.83435,2024-07-29,1,2024-07-15,14.0,336.0,37.0,888.0
flood_only,any_hazard,11.7109_76.08737,Wayanad,11.7109,76.08737,2023-07-23,1,2023-07-09,14.0,336.0,35.0,840.0
flood_only,any_hazard,11.7109_76.08737,Wayanad,11.7109,76.08737,2024-07-30,1,2024-07-16,14.0,336.0,18.0,432.0
flood_only,any_hazard,12.001_75.52542,Kannur,12.001,75.52542,2023-06-28,1,2023-06-20,8.0,192.0,8.0,192.0
flood_only,any_hazard,12.001_75.52542,Kannur,12.001,75.52542,2023-07-03,1,2023-06-20,13.0,312.0,13.0,312.0
flood_only,any_hazard,12.001_75.52542,Kannur,12.001,75.52542,2024-07-16,1,2024-07-02,14.0,336.0,24.0,576.0
flood_only,any_hazard,12.45993_75.15314,Kasaragod,12.45993,75.15314,2023-06-28,1,2023-06-20,8.0,192.0,8.0,192.0
flood_only,any_hazard,12.45993_75.15314,Kasaragod,12.45993,75.15314,2024-05-19,0,,,,,
flood_only,any_hazard,12.45993_75.15314,Kasaragod,12.45993,75.15314,2024-05-28,1,2024-05-22,6.0,144.0,0.0,0.0
flood_only,any_hazard,8.60859_77.01251,Thiruvananthapuram,8.60859,77.01251,2023-10-14,1,2023-09-30,14.0,336.0,18.0,432.0
flood_only,any_hazard,8.60859_77.01251,Thiruvananthapuram,8.60859,77.01251,2023-11-23,1,2023-11-09,14.0,336.0,5.0,120.0
flood_only,any_hazard,8.60859_77.01251,Thiruvananthapuram,8.60859,77.01251,2024-05-16,1,2024-05-11,5.0,120.0,0.0,0.0
flood_only,any_hazard,8.60859_77.01251,Thiruvananthapuram,8.60859,77.01251,2024-05-18,1,2024-05-11,7.0,168.0,2.0,48.0
flood_only,any_hazard,8.60859_77.01251,Thiruvananthapuram,8.60859,77.01251,2024-05-28,1,2024-05-14,14.0,336.0,12.0,288.0
flood_only,any_hazard,8.60859_77.01251,Thiruvananthapuram,8.60859,77.01251,2024-06-08,1,2024-05-25,14.0,336.0,23.0,552.0
flood_only,any_hazard,8.60859_77.01251,Thiruvananthapuram,8.60859,77.01251,2024-06-12,1,2024-05-29,14.0,336.0,27.0,648.0
flood_only,any_hazard,8.60859_77.01251,Thiruvananthapuram,8.60859,77.01251,2024-06-25,1,2024-06-11,14.0,336.0,40.0,960.0
flood_only,any_hazard,8.60859_77.01251,Thiruvananthapuram,8.60859,77.01251,2024-07-16,1,2024-07-02,14.0,336.0,3.0,72.0
flood_only,any_hazard,8.60859_77.01251,Thiruvananthapuram,8.60859,77.01251,2024-08-21,1,2024-08-11,10.0,240.0,8.0,192.0
flood_only,any_hazard,8.60859_77.01251,Thiruvananthapuram,8.60859,77.01251,2024-10-23,1,2024-10-09,14.0,336.0,1.0,24.0
flood_only,any_hazard,8.60859_77.01251,Thiruvananthapuram,8.60859,77.01251,2024-10-25,1,2024-10-11,14.0,336.0,3.0,72.0
flood_only,any_hazard,8.96209_76.87268,Kollam,8.96209,76.87268,2024-08-22,1,2024-08-11,11.0,264.0,11.0,264.0
flood_only,any_hazard,9.28512_76.92861,Pattanamtitta,9.28512,76.92861,2023-07-03,1,2023-06-19,14.0,336.0,63.0,1512.0
flood_only,any_hazard,9.28512_76.92861,Pattanamtitta,9.28512,76.92861,2023-11-23,1,2023-11-09,14.0,336.0,0.0,0.0
flood_only,any_hazard,9.28512_76.92861,Pattanamtitta,9.28512,76.92861,2024-05-19,1,2024-05-12,7.0,168.0,7.0,168.0
flood_only,any_hazard,9.42945_76.44763,Alappuzha,9.42945,76.44763,2023-07-03,1,2023-06-19,14.0,336.0,66.0,1584.0
flood_only,any_hazard,9.42945_76.44763,Alappuzha,9.42945,76.44763,2023-10-14,1,2023-10-01,13.0,312.0,0.0,0.0
flood_only,any_hazard,9.42945_76.44763,Alappuzha,9.42945,76.44763,2024-05-19,1,2024-05-05,14.0,336.0,10.0,240.0
flood_only,any_hazard,9.42945_76.44763,Alappuzha,9.42945,76.44763,2024-05-28,1,2024-05-14,14.0,336.0,19.0,456.0
flood_only,any_hazard,9.42945_76.44763,Alappuzha,9.42945,76.44763,2024-07-16,1,2024-07-02,14.0,336.0,68.0,1632.0
flood_only,any_hazard,9.42945_76.44763,Alappuzha,9.42945,76.44763,2024-08-22,1,2024-08-08,14.0,336.0,105.0,2520.0
flood_only,any_hazard,9.63819_76.65185,Kottayam,9.63819,76.65185,2023-07-03,1,2023-06-19,14.0,336.0,66.0,1584.0
flood_only,any_hazard,9.63819_76.65185,Kottayam,9.63819,76.65185,2023-11-23,1,2023-11-09,14.0,336.0,0.0,0.0
flood_only,any_hazard,9.63819_76.65185,Kottayam,9.63819,76.65185,2024-05-31,1,2024-05-17,14.0,336.0,23.0,552.0
flood_only,any_hazard,9.63819_76.65185,Kottayam,9.63819,76.65185,2024-07-12,1,2024-06-28,14.0,336.0,0.0,0.0
flood_only,any_hazard,9.63819_76.65185,Kottayam,9.63819,76.65185,2024-08-22,1,2024-08-08,14.0,336.0,41.0,984.0
flood_only,any_hazard,9.83875_77.0588,Idukki,9.83875,77.0588,2023-10-24,1,2023-10-14,10.0,240.0,0.0,0.0
flood_only,any_hazard,9.83875_77.0588,Idukki,9.83875,77.0588,2023-11-05,1,2023-10-25,11.0,264.0,2.0,48.0
flood_only,any_hazard,9.83875_77.0588,Idukki,9.83875,77.0588,2023-11-23,1,2023-11-09,14.0,336.0,0.0,0.0
flood_only,any_hazard,9.83875_77.0588,Idukki,9.83875,77.0588,2024-05-19,1,2024-05-15,4.0,96.0,4.0,96.0
flood_only,any_hazard,9.83875_77.0588,Idukki,9.83875,77.0588,2024-05-28,1,2024-05-15,13.0,312.0,13.0,312.0
flood_only,any_hazard,9.83875_77.0588,Idukki,9.83875,77.0588,2024-05-31,1,2024-05-17,14.0,336.0,16.0,384.0
flood_only,any_hazard,9.83875_77.0588,Idukki,9.83875,77.0588,2024-07-14,1,2024-06-30,14.0,336.0,1.0,24.0
flood_only,any_hazard,9.83875_77.0588,Idukki,9.83875,77.0588,2024-07-17,1,2024-07-03,14.0,336.0,4.0,96.0
flood_only,any_hazard,9.83875_77.0588,Idukki,9.83875,77.0588,2024-07-30,1,2024-07-16,14.0,336.0,17.0,408.0
landslide_only,any_hazard,10.08408_76.5463,Ernakulam,10.08408,76.5463,2023-06-28,1,2023-06-15,13.0,312.0,0.0,0.0
landslide_only,any_hazard,10.08408_76.5463,Ernakulam,10.08408,76.5463,2023-10-14,0,,,,,
landslide_only,any_hazard,10.08408_76.5463,Ernakulam,10.08408,76.5463,2023-11-05,0,,,,,
landslide_only,any_hazard,10.08408_76.5463,Ernakulam,10.08408,76.5463,2024-05-19,0,,,,,
landslide_only,any_hazard,10.08408_76.5463,Ernakulam,10.08408,76.5463,2024-05-28,1,2024-05-23,5.0,120.0,0.0,0.0
landslide_only,any_hazard,10.08408_76.5463,Ernakulam,10.08408,76.5463,2024-08-22,1,2024-08-12,10.0,240.0,0.0,0.0
landslide_only,any_hazard,10.47192_76.31575,Thrissur,10.47192,76.31575,2023-07-23,0,,,,,
landslide_only,any_hazard,10.47192_76.31575,Thrissur,10.47192,76.31575,2023-11-05,0,,,,,
landslide_only,any_hazard,10.47192_76.31575,Thrissur,10.47192,76.31575,2024-05-19,0,,,,,
landslide_only,any_hazard,10.47192_76.31575,Thrissur,10.47192,76.31575,2024-05-31,0,,,,,
landslide_only,any_hazard,10.79598_76.55899,Palakkad,10.79598,76.55899,2024-05-19,0,,,,,
landslide_only,any_hazard,10.79598_76.55899,Palakkad,10.79598,76.55899,2024-07-13,1,2024-06-30,13.0,312.0,0.0,0.0
landslide_only,any_hazard,10.79598_76.55899,Palakkad,10.79598,76.55899,2024-07-15,1,2024-07-01,14.0,336.0,1.0,24.0
landslide_only,any_hazard,10.79598_76.55899,Palakkad,10.79598,76.55899,2024-07-29,1,2024-07-15,14.0,336.0,0.0,0.0
landslide_only,any_hazard,10.79598_76.55899,Palakkad,10.79598,76.55899,2024-08-29,1,2024-08-19,10.0,240.0,0.0,0.0
landslide_only,any_hazard,11.13281_76.15629,Malappuram,11.13281,76.15629,2023-07-10,1,2023-06-26,14.0,336.0,0.0,0.0
landslide_only,any_hazard,11.13281_76.15629,Malappuram,11.13281,76.15629,2024-05-19,0,,,,,
landslide_only,any_hazard,11.13281_76.15629,Malappuram,11.13281,76.15629,2024-07-16,1,2024-07-06,10.0,240.0,2.0,48.0
landslide_only,any_hazard,11.48426_75.83435,Kozhikode,11.48426,75.83435,2023-06-28,1,2023-06-21,7.0,168.0,0.0,0.0
landslide_only,any_hazard,11.48426_75.83435,Kozhikode,11.48426,75.83435,2023-07-03,1,2023-06-21,12.0,288.0,0.0,0.0
landslide_only,any_hazard,11.48426_75.83435,Kozhikode,11.48426,75.83435,2024-05-19,0,,,,,
landslide_only,any_hazard,11.48426_75.83435,Kozhikode,11.48426,75.83435,2024-07-29,1,2024-07-16,13.0,312.0,0.0,0.0
landslide_only,any_hazard,11.7109_76.08737,Wayanad,11.7109,76.08737,2023-07-23,0,,,,,
landslide_only,any_hazard,11.7109_76.08737,Wayanad,11.7109,76.08737,2024-07-30,1,2024-07-16,14.0,336.0,0.0,0.0
landslide_only,any_hazard,12.001_75.52542,Kannur,12.001,75.52542,2023-06-28,0,,,,,
landslide_only,any_hazard,12.001_75.52542,Kannur,12.001,75.52542,2023-07-03,0,,,,,
landslide_only,any_hazard,12.001_75.52542,Kannur,12.001,75.52542,2024-07-16,1,2024-07-03,13.0,312.0,3.0,72.0
landslide_only,any_hazard,12.45993_75.15314,Kasaragod,12.45993,75.15314,2023-06-28,0,,,,,
landslide_only,any_hazard,12.45993_75.15314,Kasaragod,12.45993,75.15314,2024-05-19,0,,,,,
landslide_only,any_hazard,12.45993_75.15314,Kasaragod,12.45993,75.15314,2024-05-28,0,,,,,
landslide_only,any_hazard,8.60859_77.01251,Thiruvananthapuram,8.60859,77.01251,2023-10-14,0,,,,,
landslide_only,any_hazard,8.60859_77.01251,Thiruvananthapuram,8.60859,77.01251,2023-11-23,0,,,,,
landslide_only,any_hazard,8.60859_77.01251,Thiruvananthapuram,8.60859,77.01251,2024-05-16,0,,,,,
landslide_only,any_hazard,8.60859_77.01251,Thiruvananthapuram,8.60859,77.01251,2024-05-18,0,,,,,
landslide_only,any_hazard,8.60859_77.01251,Thiruvananthapuram,8.60859,77.01251,2024-05-28,1,2024-05-23,5.0,120.0,0.0,0.0
landslide_only,any_hazard,8.60859_77.01251,Thiruvananthapuram,8.60859,77.01251,2024-06-08,1,2024-05-28,11.0,264.0,0.0,0.0
landslide_only,any_hazard,8.60859_77.01251,Thiruvananthapuram,8.60859,77.01251,2024-06-12,0,,,,,
landslide_only,any_hazard,8.60859_77.01251,Thiruvananthapuram,8.60859,77.01251,2024-06-25,0,,,,,
landslide_only,any_hazard,8.60859_77.01251,Thiruvananthapuram,8.60859,77.01251,2024-07-16,0,,,,,
landslide_only,any_hazard,8.60859_77.01251,Thiruvananthapuram,8.60859,77.01251,2024-08-21,0,,,,,
landslide_only,any_hazard,8.60859_77.01251,Thiruvananthapuram,8.60859,77.01251,2024-10-23,0,,,,,
landslide_only,any_hazard,8.60859_77.01251,Thiruvananthapuram,8.60859,77.01251,2024-10-25,0,,,,,
landslide_only,any_hazard,8.96209_76.87268,Kollam,8.96209,76.87268,2024-08-22,1,2024-08-17,5.0,120.0,0.0,0.0
landslide_only,any_hazard,9.28512_76.92861,Pattanamtitta,9.28512,76.92861,2023-07-03,0,,,,,
landslide_only,any_hazard,9.28512_76.92861,Pattanamtitta,9.28512,76.92861,2023-11-23,0,,,,,
landslide_only,any_hazard,9.28512_76.92861,Pattanamtitta,9.28512,76.92861,2024-05-19,0,,,,,
landslide_only,any_hazard,9.42945_76.44763,Alappuzha,9.42945,76.44763,2023-07-03,0,,,,,
landslide_only,any_hazard,9.42945_76.44763,Alappuzha,9.42945,76.44763,2023-10-14,0,,,,,
landslide_only,any_hazard,9.42945_76.44763,Alappuzha,9.42945,76.44763,2024-05-19,0,,,,,
landslide_only,any_hazard,9.42945_76.44763,Alappuzha,9.42945,76.44763,2024-05-28,0,,,,,
landslide_only,any_hazard,9.42945_76.44763,Alappuzha,9.42945,76.44763,2024-07-16,0,,,,,
landslide_only,any_hazard,9.42945_76.44763,Alappuzha,9.42945,76.44763,2024-08-22,0,,,,,
landslide_only,any_hazard,9.63819_76.65185,Kottayam,9.63819,76.65185,2023-07-03,0,,,,,
landslide_only,any_hazard,9.63819_76.65185,Kottayam,9.63819,76.65185,2023-11-23,0,,,,,
landslide_only,any_hazard,9.63819_76.65185,Kottayam,9.63819,76.65185,2024-05-31,0,,,,,
landslide_only,any_hazard,9.63819_76.65185,Kottayam,9.63819,76.65185,2024-07-12,0,,,,,
landslide_only,any_hazard,9.63819_76.65185,Kottayam,9.63819,76.65185,2024-08-22,1,2024-08-12,10.0,240.0,0.0,0.0
landslide_only,any_hazard,9.83875_77.0588,Idukki,9.83875,77.0588,2023-10-24,0,,,,,
landslide_only,any_hazard,9.83875_77.0588,Idukki,9.83875,77.0588,2023-11-05,1,2023-11-04,1.0,24.0,1.0,24.0
landslide_only,any_hazard,9.83875_77.0588,Idukki,9.83875,77.0588,2023-11-23,0,,,,,
landslide_only,any_hazard,9.83875_77.0588,Idukki,9.83875,77.0588,2024-05-19,0,,,,,
landslide_only,any_hazard,9.83875_77.0588,Idukki,9.83875,77.0588,2024-05-28,1,2024-05-22,6.0,144.0,0.0,0.0
landslide_only,any_hazard,9.83875_77.0588,Idukki,9.83875,77.0588,2024-05-31,1,2024-05-22,9.0,216.0,0.0,0.0
landslide_only,any_hazard,9.83875_77.0588,Idukki,9.83875,77.0588,2024-07-14,1,2024-06-30,14.0,336.0,0.0,0.0
landslide_only,any_hazard,9.83875_77.0588,Idukki,9.83875,77.0588,2024-07-17,1,2024-07-03,14.0,336.0,2.0,48.0
landslide_only,any_hazard,9.83875_77.0588,Idukki,9.83875,77.0588,2024-07-30,1,2024-07-16,14.0,336.0,1.0,24.0
tcdl_coupled,any_hazard,10.08408_76.5463,Ernakulam,10.08408,76.5463,2023-06-28,1,2023-06-14,14.0,336.0,31.0,744.0
tcdl_coupled,any_hazard,10.08408_76.5463,Ernakulam,10.08408,76.5463,2023-10-14,1,2023-09-30,14.0,336.0,0.0,0.0
tcdl_coupled,any_hazard,10.08408_76.5463,Ernakulam,10.08408,76.5463,2023-11-05,1,2023-11-04,1.0,24.0,1.0,24.0
tcdl_coupled,any_hazard,10.08408_76.5463,Ernakulam,10.08408,76.5463,2024-05-19,1,2024-05-12,7.0,168.0,7.0,168.0
tcdl_coupled,any_hazard,10.08408_76.5463,Ernakulam,10.08408,76.5463,2024-05-28,1,2024-05-14,14.0,336.0,16.0,384.0
tcdl_coupled,any_hazard,10.08408_76.5463,Ernakulam,10.08408,76.5463,2024-08-22,1,2024-08-08,14.0,336.0,60.0,1440.0
tcdl_coupled,any_hazard,10.47192_76.31575,Thrissur,10.47192,76.31575,2023-07-23,1,2023-07-09,14.0,336.0,1.0,24.0
tcdl_coupled,any_hazard,10.47192_76.31575,Thrissur,10.47192,76.31575,2023-11-05,1,2023-11-03,2.0,48.0,2.0,48.0
tcdl_coupled,any_hazard,10.47192_76.31575,Thrissur,10.47192,76.31575,2024-05-19,1,2024-05-09,10.0,240.0,10.0,240.0
tcdl_coupled,any_hazard,10.47192_76.31575,Thrissur,10.47192,76.31575,2024-05-31,1,2024-05-17,14.0,336.0,22.0,528.0
tcdl_coupled,any_hazard,10.79598_76.55899,Palakkad,10.79598,76.55899,2024-05-19,1,2024-05-15,4.0,96.0,4.0,96.0
tcdl_coupled,any_hazard,10.79598_76.55899,Palakkad,10.79598,76.55899,2024-07-13,1,2024-06-29,14.0,336.0,1.0,24.0
tcdl_coupled,any_hazard,10.79598_76.55899,Palakkad,10.79598,76.55899,2024-07-15,1,2024-07-01,14.0,336.0,3.0,72.0
tcdl_coupled,any_hazard,10.79598_76.55899,Palakkad,10.79598,76.55899,2024-07-29,1,2024-07-15,14.0,336.0,17.0,408.0
tcdl_coupled,any_hazard,10.79598_76.55899,Palakkad,10.79598,76.55899,2024-08-29,1,2024-08-15,14.0,336.0,0.0,0.0
tcdl_coupled,any_hazard,11.13281_76.15629,Malappuram,11.13281,76.15629,2023-07-10,1,2023-06-26,14.0,336.0,29.0,696.0
tcdl_coupled,any_hazard,11.13281_76.15629,Malappuram,11.13281,76.15629,2024-05-19,1,2024-05-15,4.0,96.0,0.0,0.0
tcdl_coupled,any_hazard,11.13281_76.15629,Malappuram,11.13281,76.15629,2024-07-16,1,2024-07-02,14.0,336.0,24.0,576.0
tcdl_coupled,any_hazard,11.48426_75.83435,Kozhikode,11.48426,75.83435,2023-06-28,1,2023-06-14,14.0,336.0,8.0,192.0
tcdl_coupled,any_hazard,11.48426_75.83435,Kozhikode,11.48426,75.83435,2023-07-03,1,2023-06-20,13.0,312.0,0.0,0.0
tcdl_coupled,any_hazard,11.48426_75.83435,Kozhikode,11.48426,75.83435,2024-05-19,1,2024-05-15,4.0,96.0,0.0,0.0
tcdl_coupled,any_hazard,11.48426_75.83435,Kozhikode,11.48426,75.83435,2024-07-29,1,2024-07-15,14.0,336.0,37.0,888.0
tcdl_coupled,any_hazard,11.7109_76.08737,Wayanad,11.7109,76.08737,2023-07-23,1,2023-07-09,14.0,336.0,35.0,840.0
tcdl_coupled,any_hazard,11.7109_76.08737,Wayanad,11.7109,76.08737,2024-07-30,1,2024-07-16,14.0,336.0,18.0,432.0
tcdl_coupled,any_hazard,12.001_75.52542,Kannur,12.001,75.52542,2023-06-28,1,2023-06-20,8.0,192.0,8.0,192.0
tcdl_coupled,any_hazard,12.001_75.52542,Kannur,12.001,75.52542,2023-07-03,1,2023-06-20,13.0,312.0,13.0,312.0
tcdl_coupled,any_hazard,12.001_75.52542,Kannur,12.001,75.52542,2024-07-16,1,2024-07-02,14.0,336.0,24.0,576.0
tcdl_coupled,any_hazard,12.45993_75.15314,Kasaragod,12.45993,75.15314,2023-06-28,1,2023-06-20,8.0,192.0,8.0,192.0
tcdl_coupled,any_hazard,12.45993_75.15314,Kasaragod,12.45993,75.15314,2024-05-19,0,,,,,
tcdl_coupled,any_hazard,12.45993_75.15314,Kasaragod,12.45993,75.15314,2024-05-28,1,2024-05-22,6.0,144.0,0.0,0.0
tcdl_coupled,any_hazard,8.60859_77.01251,Thiruvananthapuram,8.60859,77.01251,2023-10-14,1,2023-09-30,14.0,336.0,18.0,432.0
tcdl_coupled,any_hazard,8.60859_77.01251,Thiruvananthapuram,8.60859,77.01251,2023-11-23,1,2023-11-09,14.0,336.0,5.0,120.0
tcdl_coupled,any_hazard,8.60859_77.01251,Thiruvananthapuram,8.60859,77.01251,2024-05-16,1,2024-05-11,5.0,120.0,0.0,0.0
tcdl_coupled,any_hazard,8.60859_77.01251,Thiruvananthapuram,8.60859,77.01251,2024-05-18,1,2024-05-11,7.0,168.0,2.0,48.0
tcdl_coupled,any_hazard,8.60859_77.01251,Thiruvananthapuram,8.60859,77.01251,2024-05-28,1,2024-05-14,14.0,336.0,12.0,288.0
tcdl_coupled,any_hazard,8.60859_77.01251,Thiruvananthapuram,8.60859,77.01251,2024-06-08,1,2024-05-25,14.0,336.0,23.0,552.0
tcdl_coupled,any_hazard,8.60859_77.01251,Thiruvananthapuram,8.60859,77.01251,2024-06-12,1,2024-05-29,14.0,336.0,27.0,648.0
tcdl_coupled,any_hazard,8.60859_77.01251,Thiruvananthapuram,8.60859,77.01251,2024-06-25,1,2024-06-11,14.0,336.0,40.0,960.0
tcdl_coupled,any_hazard,8.60859_77.01251,Thiruvananthapuram,8.60859,77.01251,2024-07-16,1,2024-07-02,14.0,336.0,3.0,72.0
tcdl_coupled,any_hazard,8.60859_77.01251,Thiruvananthapuram,8.60859,77.01251,2024-08-21,1,2024-08-11,10.0,240.0,8.0,192.0
tcdl_coupled,any_hazard,8.60859_77.01251,Thiruvananthapuram,8.60859,77.01251,2024-10-23,1,2024-10-09,14.0,336.0,1.0,24.0
tcdl_coupled,any_hazard,8.60859_77.01251,Thiruvananthapuram,8.60859,77.01251,2024-10-25,1,2024-10-11,14.0,336.0,3.0,72.0
tcdl_coupled,any_hazard,8.96209_76.87268,Kollam,8.96209,76.87268,2024-08-22,1,2024-08-11,11.0,264.0,11.0,264.0
tcdl_coupled,any_hazard,9.28512_76.92861,Pattanamtitta,9.28512,76.92861,2023-07-03,1,2023-06-19,14.0,336.0,65.0,1560.0
tcdl_coupled,any_hazard,9.28512_76.92861,Pattanamtitta,9.28512,76.92861,2023-11-23,1,2023-11-09,14.0,336.0,0.0,0.0
tcdl_coupled,any_hazard,9.28512_76.92861,Pattanamtitta,9.28512,76.92861,2024-05-19,1,2024-05-10,9.0,216.0,9.0,216.0
tcdl_coupled,any_hazard,9.42945_76.44763,Alappuzha,9.42945,76.44763,2023-07-03,1,2023-06-19,14.0,336.0,66.0,1584.0
tcdl_coupled,any_hazard,9.42945_76.44763,Alappuzha,9.42945,76.44763,2023-10-14,1,2023-10-01,13.0,312.0,0.0,0.0
tcdl_coupled,any_hazard,9.42945_76.44763,Alappuzha,9.42945,76.44763,2024-05-19,1,2024-05-05,14.0,336.0,10.0,240.0
tcdl_coupled,any_hazard,9.42945_76.44763,Alappuzha,9.42945,76.44763,2024-05-28,1,2024-05-14,14.0,336.0,19.0,456.0
tcdl_coupled,any_hazard,9.42945_76.44763,Alappuzha,9.42945,76.44763,2024-07-16,1,2024-07-02,14.0,336.0,68.0,1632.0
tcdl_coupled,any_hazard,9.42945_76.44763,Alappuzha,9.42945,76.44763,2024-08-22,1,2024-08-08,14.0,336.0,105.0,2520.0
tcdl_coupled,any_hazard,9.63819_76.65185,Kottayam,9.63819,76.65185,2023-07-03,1,2023-06-19,14.0,336.0,66.0,1584.0
tcdl_coupled,any_hazard,9.63819_76.65185,Kottayam,9.63819,76.65185,2023-11-23,1,2023-11-09,14.0,336.0,0.0,0.0
tcdl_coupled,any_hazard,9.63819_76.65185,Kottayam,9.63819,76.65185,2024-05-31,1,2024-05-17,14.0,336.0,23.0,552.0
tcdl_coupled,any_hazard,9.63819_76.65185,Kottayam,9.63819,76.65185,2024-07-12,1,2024-06-28,14.0,336.0,0.0,0.0
tcdl_coupled,any_hazard,9.63819_76.65185,Kottayam,9.63819,76.65185,2024-08-22,1,2024-08-08,14.0,336.0,41.0,984.0
tcdl_coupled,any_hazard,9.83875_77.0588,Idukki,9.83875,77.0588,2023-10-24,1,2023-10-10,14.0,336.0,0.0,0.0
tcdl_coupled,any_hazard,9.83875_77.0588,Idukki,9.83875,77.0588,2023-11-05,1,2023-10-25,11.0,264.0,11.0,264.0
tcdl_coupled,any_hazard,9.83875_77.0588,Idukki,9.83875,77.0588,2023-11-23,1,2023-11-09,14.0,336.0,1.0,24.0
tcdl_coupled,any_hazard,9.83875_77.0588,Idukki,9.83875,77.0588,2024-05-19,1,2024-05-09,10.0,240.0,4.0,96.0
tcdl_coupled,any_hazard,9.83875_77.0588,Idukki,9.83875,77.0588,2024-05-28,1,2024-05-15,13.0,312.0,13.0,312.0
tcdl_coupled,any_hazard,9.83875_77.0588,Idukki,9.83875,77.0588,2024-05-31,1,2024-05-17,14.0,336.0,16.0,384.0
tcdl_coupled,any_hazard,9.83875_77.0588,Idukki,9.83875,77.0588,2024-07-14,1,2024-06-30,14.0,336.0,4.0,96.0
tcdl_coupled,any_hazard,9.83875_77.0588,Idukki,9.83875,77.0588,2024-07-17,1,2024-07-03,14.0,336.0,7.0,168.0
tcdl_coupled,any_hazard,9.83875_77.0588,Idukki,9.83875,77.0588,2024-07-30,1,2024-07-16,14.0,336.0,20.0,480.0
tcdl_coupling_rules_only,any_hazard,10.08408_76.5463,Ernakulam,10.08408,76.5463,2023-06-28,1,2023-06-14,14.0,336.0,0.0,0.0
tcdl_coupling_rules_only,any_hazard,10.08408_76.5463,Ernakulam,10.08408,76.5463,2023-10-14,1,2023-10-01,13.0,312.0,0.0,0.0
tcdl_coupling_rules_only,any_hazard,10.08408_76.5463,Ernakulam,10.08408,76.5463,2023-11-05,1,2023-11-04,1.0,24.0,1.0,24.0
tcdl_coupling_rules_only,any_hazard,10.08408_76.5463,Ernakulam,10.08408,76.5463,2024-05-19,1,2024-05-14,5.0,120.0,0.0,0.0
tcdl_coupling_rules_only,any_hazard,10.08408_76.5463,Ernakulam,10.08408,76.5463,2024-05-28,1,2024-05-14,14.0,336.0,8.0,192.0
tcdl_coupling_rules_only,any_hazard,10.08408_76.5463,Ernakulam,10.08408,76.5463,2024-08-22,1,2024-08-08,14.0,336.0,0.0,0.0
tcdl_coupling_rules_only,any_hazard,10.47192_76.31575,Thrissur,10.47192,76.31575,2023-07-23,1,2023-07-09,14.0,336.0,0.0,0.0
tcdl_coupling_rules_only,any_hazard,10.47192_76.31575,Thrissur,10.47192,76.31575,2023-11-05,1,2023-11-04,1.0,24.0,1.0,24.0
tcdl_coupling_rules_only,any_hazard,10.47192_76.31575,Thrissur,10.47192,76.31575,2024-05-19,1,2024-05-10,9.0,216.0,0.0,0.0
tcdl_coupling_rules_only,any_hazard,10.47192_76.31575,Thrissur,10.47192,76.31575,2024-05-31,1,2024-05-21,10.0,240.0,0.0,0.0
tcdl_coupling_rules_only,any_hazard,10.79598_76.55899,Palakkad,10.79598,76.55899,2024-05-19,1,2024-05-17,2.0,48.0,2.0,48.0
tcdl_coupling_rules_only,any_hazard,10.79598_76.55899,Palakkad,10.79598,76.55899,2024-07-13,1,2024-06-29,14.0,336.0,0.0,0.0
tcdl_coupling_rules_only,any_hazard,10.79598_76.55899,Palakkad,10.79598,76.55899,2024-07-15,1,2024-07-01,14.0,336.0,2.0,48.0
tcdl_coupling_rules_only,any_hazard,10.79598_76.55899,Palakkad,10.79598,76.55899,2024-07-29,1,2024-07-15,14.0,336.0,16.0,384.0
tcdl_coupling_rules_only,any_hazard,10.79598_76.55899,Palakkad,10.79598,76.55899,2024-08-29,1,2024-08-19,10.0,240.0,0.0,0.0
tcdl_coupling_rules_only,any_hazard,11.13281_76.15629,Malappuram,11.13281,76.15629,2023-07-10,1,2023-06-26,14.0,336.0,7.0,168.0
tcdl_coupling_rules_only,any_hazard,11.13281_76.15629,Malappuram,11.13281,76.15629,2024-05-19,0,,,,,
tcdl_coupling_rules_only,any_hazard,11.13281_76.15629,Malappuram,11.13281,76.15629,2024-07-16,1,2024-07-02,14.0,336.0,24.0,576.0
tcdl_coupling_rules_only,any_hazard,11.48426_75.83435,Kozhikode,11.48426,75.83435,2023-06-28,1,2023-06-14,14.0,336.0,2.0,48.0
tcdl_coupling_rules_only,any_hazard,11.48426_75.83435,Kozhikode,11.48426,75.83435,2023-07-03,1,2023-06-20,13.0,312.0,0.0,0.0
tcdl_coupling_rules_only,any_hazard,11.48426_75.83435,Kozhikode,11.48426,75.83435,2024-05-19,1,2024-05-19,0.0,0.0,0.0,0.0
tcdl_coupling_rules_only,any_hazard,11.48426_75.83435,Kozhikode,11.48426,75.83435,2024-07-29,1,2024-07-15,14.0,336.0,17.0,408.0
tcdl_coupling_rules_only,any_hazard,11.7109_76.08737,Wayanad,11.7109,76.08737,2023-07-23,1,2023-07-09,14.0,336.0,0.0,0.0
tcdl_coupling_rules_only,any_hazard,11.7109_76.08737,Wayanad,11.7109,76.08737,2024-07-30,1,2024-07-16,14.0,336.0,17.0,408.0
tcdl_coupling_rules_only,any_hazard,12.001_75.52542,Kannur,12.001,75.52542,2023-06-28,1,2023-06-20,8.0,192.0,0.0,0.0
tcdl_coupling_rules_only,any_hazard,12.001_75.52542,Kannur,12.001,75.52542,2023-07-03,1,2023-06-20,13.0,312.0,0.0,0.0
tcdl_coupling_rules_only,any_hazard,12.001_75.52542,Kannur,12.001,75.52542,2024-07-16,1,2024-07-02,14.0,336.0,24.0,576.0
tcdl_coupling_rules_only,any_hazard,12.45993_75.15314,Kasaragod,12.45993,75.15314,2023-06-28,1,2023-06-22,6.0,144.0,0.0,0.0
tcdl_coupling_rules_only,any_hazard,12.45993_75.15314,Kasaragod,12.45993,75.15314,2024-05-19,0,,,,,
tcdl_coupling_rules_only,any_hazard,12.45993_75.15314,Kasaragod,12.45993,75.15314,2024-05-28,0,,,,,
tcdl_coupling_rules_only,any_hazard,8.60859_77.01251,Thiruvananthapuram,8.60859,77.01251,2023-10-14,1,2023-09-30,14.0,336.0,1.0,24.0
tcdl_coupling_rules_only,any_hazard,8.60859_77.01251,Thiruvananthapuram,8.60859,77.01251,2023-11-23,1,2023-11-22,1.0,24.0,0.0,0.0
tcdl_coupling_rules_only,any_hazard,8.60859_77.01251,Thiruvananthapuram,8.60859,77.01251,2024-05-16,1,2024-05-13,3.0,72.0,0.0,0.0
tcdl_coupling_rules_only,any_hazard,8.60859_77.01251,Thiruvananthapuram,8.60859,77.01251,2024-05-18,1,2024-05-13,5.0,120.0,0.0,0.0
tcdl_coupling_rules_only,any_hazard,8.60859_77.01251,Thiruvananthapuram,8.60859,77.01251,2024-05-28,1,2024-05-18,10.0,240.0,10.0,240.0
tcdl_coupling_rules_only,any_hazard,8.60859_77.01251,Thiruvananthapuram,8.60859,77.01251,2024-06-08,1,2024-05-25,14.0,336.0,1.0,24.0
tcdl_coupling_rules_only,any_hazard,8.60859_77.01251,Thiruvananthapuram,8.60859,77.01251,2024-06-12,1,2024-05-29,14.0,336.0,0.0,0.0
tcdl_coupling_rules_only,any_hazard,8.60859_77.01251,Thiruvananthapuram,8.60859,77.01251,2024-06-25,1,2024-06-11,14.0,336.0,0.0,0.0
tcdl_coupling_rules_only,any_hazard,8.60859_77.01251,Thiruvananthapuram,8.60859,77.01251,2024-07-16,1,2024-07-02,14.0,336.0,1.0,24.0
tcdl_coupling_rules_only,any_hazard,8.60859_77.01251,Thiruvananthapuram,8.60859,77.01251,2024-08-21,1,2024-08-14,7.0,168.0,0.0,0.0
tcdl_coupling_rules_only,any_hazard,8.60859_77.01251,Thiruvananthapuram,8.60859,77.01251,2024-10-23,0,,,,,
tcdl_coupling_rules_only,any_hazard,8.60859_77.01251,Thiruvananthapuram,8.60859,77.01251,2024-10-25,1,2024-10-24,1.0,24.0,1.0,24.0
tcdl_coupling_rules_only,any_hazard,8.96209_76.87268,Kollam,8.96209,76.87268,2024-08-22,1,2024-08-12,10.0,240.0,10.0,240.0
tcdl_coupling_rules_only,any_hazard,9.28512_76.92861,Pattanamtitta,9.28512,76.92861,2023-07-03,1,2023-06-19,14.0,336.0,0.0,0.0
tcdl_coupling_rules_only,any_hazard,9.28512_76.92861,Pattanamtitta,9.28512,76.92861,2023-11-23,1,2023-11-09,14.0,336.0,0.0,0.0
tcdl_coupling_rules_only,any_hazard,9.28512_76.92861,Pattanamtitta,9.28512,76.92861,2024-05-19,1,2024-05-10,9.0,216.0,5.0,120.0
tcdl_coupling_rules_only,any_hazard,9.42945_76.44763,Alappuzha,9.42945,76.44763,2023-07-03,1,2023-06-19,14.0,336.0,0.0,0.0
tcdl_coupling_rules_only,any_hazard,9.42945_76.44763,Alappuzha,9.42945,76.44763,2023-10-14,0,,,,,
tcdl_coupling_rules_only,any_hazard,9.42945_76.44763,Alappuzha,9.42945,76.44763,2024-05-19,1,2024-05-10,9.0,216.0,0.0,0.0
tcdl_coupling_rules_only,any_hazard,9.42945_76.44763,Alappuzha,9.42945,76.44763,2024-05-28,1,2024-05-23,5.0,120.0,0.0,0.0
tcdl_coupling_rules_only,any_hazard,9.42945_76.44763,Alappuzha,9.42945,76.44763,2024-07-16,1,2024-07-14,2.0,48.0,2.0,48.0
tcdl_coupling_rules_only,any_hazard,9.42945_76.44763,Alappuzha,9.42945,76.44763,2024-08-22,1,2024-08-13,9.0,216.0,0.0,0.0
tcdl_coupling_rules_only,any_hazard,9.63819_76.65185,Kottayam,9.63819,76.65185,2023-07-03,1,2023-06-19,14.0,336.0,0.0,0.0
tcdl_coupling_rules_only,any_hazard,9.63819_76.65185,Kottayam,9.63819,76.65185,2023-11-23,1,2023-11-09,14.0,336.0,0.0,0.0
tcdl_coupling_rules_only,any_hazard,9.63819_76.65185,Kottayam,9.63819,76.65185,2024-05-31,1,2024-05-20,11.0,264.0,0.0,0.0
tcdl_coupling_rules_only,any_hazard,9.63819_76.65185,Kottayam,9.63819,76.65185,2024-07-12,1,2024-06-28,14.0,336.0,0.0,0.0
tcdl_coupling_rules_only,any_hazard,9.63819_76.65185,Kottayam,9.63819,76.65185,2024-08-22,1,2024-08-08,14.0,336.0,15.0,360.0
tcdl_coupling_rules_only,any_hazard,9.83875_77.0588,Idukki,9.83875,77.0588,2023-10-24,1,2023-10-10,14.0,336.0,0.0,0.0
tcdl_coupling_rules_only,any_hazard,9.83875_77.0588,Idukki,9.83875,77.0588,2023-11-05,1,2023-10-26,10.0,240.0,1.0,24.0
tcdl_coupling_rules_only,any_hazard,9.83875_77.0588,Idukki,9.83875,77.0588,2023-11-23,1,2023-11-09,14.0,336.0,1.0,24.0
tcdl_coupling_rules_only,any_hazard,9.83875_77.0588,Idukki,9.83875,77.0588,2024-05-19,1,2024-05-09,10.0,240.0,2.0,48.0
tcdl_coupling_rules_only,any_hazard,9.83875_77.0588,Idukki,9.83875,77.0588,2024-05-28,1,2024-05-17,11.0,264.0,11.0,264.0
tcdl_coupling_rules_only,any_hazard,9.83875_77.0588,Idukki,9.83875,77.0588,2024-05-31,1,2024-05-17,14.0,336.0,0.0,0.0
tcdl_coupling_rules_only,any_hazard,9.83875_77.0588,Idukki,9.83875,77.0588,2024-07-14,1,2024-06-30,14.0,336.0,4.0,96.0
tcdl_coupling_rules_only,any_hazard,9.83875_77.0588,Idukki,9.83875,77.0588,2024-07-17,1,2024-07-03,14.0,336.0,7.0,168.0
tcdl_coupling_rules_only,any_hazard,9.83875_77.0588,Idukki,9.83875,77.0588,2024-07-30,1,2024-07-16,14.0,336.0,20.0,480.0
always_warn_control,any_hazard,10.08408_76.5463,Ernakulam,10.08408,76.5463,2023-06-28,1,2023-06-14,14.0,336.0,155.0,3720.0
always_warn_control,any_hazard,10.08408_76.5463,Ernakulam,10.08408,76.5463,2023-10-14,1,2023-09-30,14.0,336.0,263.0,6312.0
always_warn_control,any_hazard,10.08408_76.5463,Ernakulam,10.08408,76.5463,2023-11-05,1,2023-10-22,14.0,336.0,285.0,6840.0
always_warn_control,any_hazard,10.08408_76.5463,Ernakulam,10.08408,76.5463,2024-05-19,1,2024-05-05,14.0,336.0,481.0,11544.0
always_warn_control,any_hazard,10.08408_76.5463,Ernakulam,10.08408,76.5463,2024-05-28,1,2024-05-14,14.0,336.0,490.0,11760.0
always_warn_control,any_hazard,10.08408_76.5463,Ernakulam,10.08408,76.5463,2024-08-22,1,2024-08-08,14.0,336.0,576.0,13824.0
always_warn_control,any_hazard,10.47192_76.31575,Thrissur,10.47192,76.31575,2023-07-23,1,2023-07-09,14.0,336.0,180.0,4320.0
always_warn_control,any_hazard,10.47192_76.31575,Thrissur,10.47192,76.31575,2023-11-05,1,2023-10-22,14.0,336.0,285.0,6840.0
always_warn_control,any_hazard,10.47192_76.31575,Thrissur,10.47192,76.31575,2024-05-19,1,2024-05-05,14.0,336.0,481.0,11544.0
always_warn_control,any_hazard,10.47192_76.31575,Thrissur,10.47192,76.31575,2024-05-31,1,2024-05-17,14.0,336.0,493.0,11832.0
always_warn_control,any_hazard,10.79598_76.55899,Palakkad,10.79598,76.55899,2024-05-19,1,2024-05-05,14.0,336.0,481.0,11544.0
always_warn_control,any_hazard,10.79598_76.55899,Palakkad,10.79598,76.55899,2024-07-13,1,2024-06-29,14.0,336.0,536.0,12864.0
always_warn_control,any_hazard,10.79598_76.55899,Palakkad,10.79598,76.55899,2024-07-15,1,2024-07-01,14.0,336.0,538.0,12912.0
always_warn_control,any_hazard,10.79598_76.55899,Palakkad,10.79598,76.55899,2024-07-29,1,2024-07-15,14.0,336.0,552.0,13248.0
always_warn_control,any_hazard,10.79598_76.55899,Palakkad,10.79598,76.55899,2024-08-29,1,2024-08-15,14.0,336.0,583.0,13992.0
always_warn_control,any_hazard,11.13281_76.15629,Malappuram,11.13281,76.15629,2023-07-10,1,2023-06-26,14.0,336.0,167.0,4008.0
always_warn_control,any_hazard,11.13281_76.15629,Malappuram,11.13281,76.15629,2024-05-19,1,2024-05-05,14.0,336.0,481.0,11544.0
always_warn_control,any_hazard,11.13281_76.15629,Malappuram,11.13281,76.15629,2024-07-16,1,2024-07-02,14.0,336.0,539.0,12936.0
always_warn_control,any_hazard,11.48426_75.83435,Kozhikode,11.48426,75.83435,2023-06-28,1,2023-06-14,14.0,336.0,155.0,3720.0
always_warn_control,any_hazard,11.48426_75.83435,Kozhikode,11.48426,75.83435,2023-07-03,1,2023-06-19,14.0,336.0,160.0,3840.0
always_warn_control,any_hazard,11.48426_75.83435,Kozhikode,11.48426,75.83435,2024-05-19,1,2024-05-05,14.0,336.0,481.0,11544.0
always_warn_control,any_hazard,11.48426_75.83435,Kozhikode,11.48426,75.83435,2024-07-29,1,2024-07-15,14.0,336.0,552.0,13248.0
always_warn_control,any_hazard,11.7109_76.08737,Wayanad,11.7109,76.08737,2023-07-23,1,2023-07-09,14.0,336.0,180.0,4320.0
always_warn_control,any_hazard,11.7109_76.08737,Wayanad,11.7109,76.08737,2024-07-30,1,2024-07-16,14.0,336.0,553.0,13272.0
always_warn_control,any_hazard,12.001_75.52542,Kannur,12.001,75.52542,2023-06-28,1,2023-06-14,14.0,336.0,155.0,3720.0
always_warn_control,any_hazard,12.001_75.52542,Kannur,12.001,75.52542,2023-07-03,1,2023-06-19,14.0,336.0,160.0,3840.0
always_warn_control,any_hazard,12.001_75.52542,Kannur,12.001,75.52542,2024-07-16,1,2024-07-02,14.0,336.0,539.0,12936.0
always_warn_control,any_hazard,12.45993_75.15314,Kasaragod,12.45993,75.15314,2023-06-28,1,2023-06-14,14.0,336.0,155.0,3720.0
always_warn_control,any_hazard,12.45993_75.15314,Kasaragod,12.45993,75.15314,2024-05-19,1,2024-05-05,14.0,336.0,481.0,11544.0
always_warn_control,any_hazard,12.45993_75.15314,Kasaragod,12.45993,75.15314,2024-05-28,1,2024-05-14,14.0,336.0,490.0,11760.0
always_warn_control,any_hazard,8.60859_77.01251,Thiruvananthapuram,8.60859,77.01251,2023-10-14,1,2023-09-30,14.0,336.0,263.0,6312.0
always_warn_control,any_hazard,8.60859_77.01251,Thiruvananthapuram,8.60859,77.01251,2023-11-23,1,2023-11-09,14.0,336.0,303.0,7272.0
always_warn_control,any_hazard,8.60859_77.01251,Thiruvananthapuram,8.60859,77.01251,2024-05-16,1,2024-05-02,14.0,336.0,478.0,11472.0
always_warn_control,any_hazard,8.60859_77.01251,Thiruvananthapuram,8.60859,77.01251,2024-05-18,1,2024-05-04,14.0,336.0,480.0,11520.0
always_warn_control,any_hazard,8.60859_77.01251,Thiruvananthapuram,8.60859,77.01251,2024-05-28,1,2024-05-14,14.0,336.0,490.0,11760.0
always_warn_control,any_hazard,8.60859_77.01251,Thiruvananthapuram,8.60859,77.01251,2024-06-08,1,2024-05-25,14.0,336.0,501.0,12024.0
always_warn_control,any_hazard,8.60859_77.01251,Thiruvananthapuram,8.60859,77.01251,2024-06-12,1,2024-05-29,14.0,336.0,505.0,12120.0
always_warn_control,any_hazard,8.60859_77.01251,Thiruvananthapuram,8.60859,77.01251,2024-06-25,1,2024-06-11,14.0,336.0,518.0,12432.0
always_warn_control,any_hazard,8.60859_77.01251,Thiruvananthapuram,8.60859,77.01251,2024-07-16,1,2024-07-02,14.0,336.0,539.0,12936.0
always_warn_control,any_hazard,8.60859_77.01251,Thiruvananthapuram,8.60859,77.01251,2024-08-21,1,2024-08-07,14.0,336.0,575.0,13800.0
always_warn_control,any_hazard,8.60859_77.01251,Thiruvananthapuram,8.60859,77.01251,2024-10-23,1,2024-10-09,14.0,336.0,638.0,15312.0
always_warn_control,any_hazard,8.60859_77.01251,Thiruvananthapuram,8.60859,77.01251,2024-10-25,1,2024-10-11,14.0,336.0,640.0,15360.0
always_warn_control,any_hazard,8.96209_76.87268,Kollam,8.96209,76.87268,2024-08-22,1,2024-08-08,14.0,336.0,576.0,13824.0
always_warn_control,any_hazard,9.28512_76.92861,Pattanamtitta,9.28512,76.92861,2023-07-03,1,2023-06-19,14.0,336.0,160.0,3840.0
always_warn_control,any_hazard,9.28512_76.92861,Pattanamtitta,9.28512,76.92861,2023-11-23,1,2023-11-09,14.0,336.0,303.0,7272.0
always_warn_control,any_hazard,9.28512_76.92861,Pattanamtitta,9.28512,76.92861,2024-05-19,1,2024-05-05,14.0,336.0,481.0,11544.0
always_warn_control,any_hazard,9.42945_76.44763,Alappuzha,9.42945,76.44763,2023-07-03,1,2023-06-19,14.0,336.0,160.0,3840.0
always_warn_control,any_hazard,9.42945_76.44763,Alappuzha,9.42945,76.44763,2023-10-14,1,2023-09-30,14.0,336.0,263.0,6312.0
always_warn_control,any_hazard,9.42945_76.44763,Alappuzha,9.42945,76.44763,2024-05-19,1,2024-05-05,14.0,336.0,481.0,11544.0
always_warn_control,any_hazard,9.42945_76.44763,Alappuzha,9.42945,76.44763,2024-05-28,1,2024-05-14,14.0,336.0,490.0,11760.0
always_warn_control,any_hazard,9.42945_76.44763,Alappuzha,9.42945,76.44763,2024-07-16,1,2024-07-02,14.0,336.0,539.0,12936.0
always_warn_control,any_hazard,9.42945_76.44763,Alappuzha,9.42945,76.44763,2024-08-22,1,2024-08-08,14.0,336.0,576.0,13824.0
always_warn_control,any_hazard,9.63819_76.65185,Kottayam,9.63819,76.65185,2023-07-03,1,2023-06-19,14.0,336.0,160.0,3840.0
always_warn_control,any_hazard,9.63819_76.65185,Kottayam,9.63819,76.65185,2023-11-23,1,2023-11-09,14.0,336.0,303.0,7272.0
always_warn_control,any_hazard,9.63819_76.65185,Kottayam,9.63819,76.65185,2024-05-31,1,2024-05-17,14.0,336.0,493.0,11832.0
always_warn_control,any_hazard,9.63819_76.65185,Kottayam,9.63819,76.65185,2024-07-12,1,2024-06-28,14.0,336.0,535.0,12840.0
always_warn_control,any_hazard,9.63819_76.65185,Kottayam,9.63819,76.65185,2024-08-22,1,2024-08-08,14.0,336.0,576.0,13824.0
always_warn_control,any_hazard,9.83875_77.0588,Idukki,9.83875,77.0588,2023-10-24,1,2023-10-10,14.0,336.0,273.0,6552.0
always_warn_control,any_hazard,9.83875_77.0588,Idukki,9.83875,77.0588,2023-11-05,1,2023-10-22,14.0,336.0,285.0,6840.0
always_warn_control,any_hazard,9.83875_77.0588,Idukki,9.83875,77.0588,2023-11-23,1,2023-11-09,14.0,336.0,303.0,7272.0
always_warn_control,any_hazard,9.83875_77.0588,Idukki,9.83875,77.0588,2024-05-19,1,2024-05-05,14.0,336.0,481.0,11544.0
always_warn_control,any_hazard,9.83875_77.0588,Idukki,9.83875,77.0588,2024-05-28,1,2024-05-14,14.0,336.0,490.0,11760.0
always_warn_control,any_hazard,9.83875_77.0588,Idukki,9.83875,77.0588,2024-05-31,1,2024-05-17,14.0,336.0,493.0,11832.0
always_warn_control,any_hazard,9.83875_77.0588,Idukki,9.83875,77.0588,2024-07-14,1,2024-06-30,14.0,336.0,537.0,12888.0
always_warn_control,any_hazard,9.83875_77.0588,Idukki,9.83875,77.0588,2024-07-17,1,2024-07-03,14.0,336.0,540.0,12960.0
always_warn_control,any_hazard,9.83875_77.0588,Idukki,9.83875,77.0588,2024-07-30,1,2024-07-16,14.0,336.0,553.0,13272.0
flood_only__vs_flood,flood,10.08408_76.5463,Ernakulam,10.08408,76.5463,2023-06-28,1,2023-06-14,14.0,336.0,31.0,744.0
flood_only__vs_flood,flood,10.08408_76.5463,Ernakulam,10.08408,76.5463,2023-10-14,1,2023-09-30,14.0,336.0,0.0,0.0
flood_only__vs_flood,flood,10.08408_76.5463,Ernakulam,10.08408,76.5463,2023-11-05,1,2023-11-05,0.0,0.0,0.0,0.0
flood_only__vs_flood,flood,10.08408_76.5463,Ernakulam,10.08408,76.5463,2024-05-19,1,2024-05-12,7.0,168.0,7.0,168.0
flood_only__vs_flood,flood,10.08408_76.5463,Ernakulam,10.08408,76.5463,2024-05-28,1,2024-05-14,14.0,336.0,16.0,384.0
flood_only__vs_flood,flood,10.08408_76.5463,Ernakulam,10.08408,76.5463,2024-08-22,1,2024-08-08,14.0,336.0,60.0,1440.0
flood_only__vs_flood,flood,10.47192_76.31575,Thrissur,10.47192,76.31575,2023-07-23,1,2023-07-09,14.0,336.0,1.0,24.0
flood_only__vs_flood,flood,10.47192_76.31575,Thrissur,10.47192,76.31575,2023-11-05,1,2023-11-03,2.0,48.0,2.0,48.0
flood_only__vs_flood,flood,10.47192_76.31575,Thrissur,10.47192,76.31575,2024-05-19,1,2024-05-09,10.0,240.0,10.0,240.0
flood_only__vs_flood,flood,10.47192_76.31575,Thrissur,10.47192,76.31575,2024-05-31,1,2024-05-17,14.0,336.0,22.0,528.0
flood_only__vs_flood,flood,10.79598_76.55899,Palakkad,10.79598,76.55899,2024-05-19,1,2024-05-15,4.0,96.0,0.0,0.0
flood_only__vs_flood,flood,10.79598_76.55899,Palakkad,10.79598,76.55899,2024-07-13,1,2024-06-29,14.0,336.0,1.0,24.0
flood_only__vs_flood,flood,10.79598_76.55899,Palakkad,10.79598,76.55899,2024-07-15,1,2024-07-01,14.0,336.0,3.0,72.0
flood_only__vs_flood,flood,11.13281_76.15629,Malappuram,11.13281,76.15629,2023-07-10,1,2023-06-26,14.0,336.0,29.0,696.0
flood_only__vs_flood,flood,11.13281_76.15629,Malappuram,11.13281,76.15629,2024-05-19,1,2024-05-15,4.0,96.0,0.0,0.0
flood_only__vs_flood,flood,11.13281_76.15629,Malappuram,11.13281,76.15629,2024-07-16,1,2024-07-02,14.0,336.0,24.0,576.0
flood_only__vs_flood,flood,11.48426_75.83435,Kozhikode,11.48426,75.83435,2023-06-28,1,2023-06-14,14.0,336.0,8.0,192.0
flood_only__vs_flood,flood,11.48426_75.83435,Kozhikode,11.48426,75.83435,2023-07-03,1,2023-06-20,13.0,312.0,0.0,0.0
flood_only__vs_flood,flood,11.48426_75.83435,Kozhikode,11.48426,75.83435,2024-05-19,1,2024-05-15,4.0,96.0,0.0,0.0
flood_only__vs_flood,flood,11.48426_75.83435,Kozhikode,11.48426,75.83435,2024-07-30,1,2024-07-16,14.0,336.0,38.0,912.0
flood_only__vs_flood,flood,11.7109_76.08737,Wayanad,11.7109,76.08737,2023-07-23,1,2023-07-09,14.0,336.0,35.0,840.0
flood_only__vs_flood,flood,11.7109_76.08737,Wayanad,11.7109,76.08737,2024-07-30,1,2024-07-16,14.0,336.0,18.0,432.0
flood_only__vs_flood,flood,12.001_75.52542,Kannur,12.001,75.52542,2023-06-28,1,2023-06-20,8.0,192.0,8.0,192.0
flood_only__vs_flood,flood,12.001_75.52542,Kannur,12.001,75.52542,2023-07-03,1,2023-06-20,13.0,312.0,13.0,312.0
flood_only__vs_flood,flood,12.001_75.52542,Kannur,12.001,75.52542,2024-07-16,1,2024-07-02,14.0,336.0,24.0,576.0
flood_only__vs_flood,flood,12.45993_75.15314,Kasaragod,12.45993,75.15314,2023-06-28,1,2023-06-20,8.0,192.0,8.0,192.0
flood_only__vs_flood,flood,12.45993_75.15314,Kasaragod,12.45993,75.15314,2024-05-19,0,,,,,
flood_only__vs_flood,flood,12.45993_75.15314,Kasaragod,12.45993,75.15314,2024-05-28,1,2024-05-22,6.0,144.0,0.0,0.0
flood_only__vs_flood,flood,8.60859_77.01251,Thiruvananthapuram,8.60859,77.01251,2023-10-14,1,2023-09-30,14.0,336.0,18.0,432.0
flood_only__vs_flood,flood,8.60859_77.01251,Thiruvananthapuram,8.60859,77.01251,2023-11-23,1,2023-11-09,14.0,336.0,5.0,120.0
flood_only__vs_flood,flood,8.60859_77.01251,Thiruvananthapuram,8.60859,77.01251,2024-05-16,1,2024-05-11,5.0,120.0,0.0,0.0
flood_only__vs_flood,flood,8.60859_77.01251,Thiruvananthapuram,8.60859,77.01251,2024-05-18,1,2024-05-11,7.0,168.0,2.0,48.0
flood_only__vs_flood,flood,8.60859_77.01251,Thiruvananthapuram,8.60859,77.01251,2024-05-28,1,2024-05-14,14.0,336.0,12.0,288.0
flood_only__vs_flood,flood,8.60859_77.01251,Thiruvananthapuram,8.60859,77.01251,2024-06-08,1,2024-05-25,14.0,336.0,23.0,552.0
flood_only__vs_flood,flood,8.60859_77.01251,Thiruvananthapuram,8.60859,77.01251,2024-06-12,1,2024-05-29,14.0,336.0,27.0,648.0
flood_only__vs_flood,flood,8.60859_77.01251,Thiruvananthapuram,8.60859,77.01251,2024-06-25,1,2024-06-11,14.0,336.0,40.0,960.0
flood_only__vs_flood,flood,8.60859_77.01251,Thiruvananthapuram,8.60859,77.01251,2024-07-16,1,2024-07-02,14.0,336.0,3.0,72.0
flood_only__vs_flood,flood,8.60859_77.01251,Thiruvananthapuram,8.60859,77.01251,2024-08-21,1,2024-08-11,10.0,240.0,8.0,192.0
flood_only__vs_flood,flood,8.60859_77.01251,Thiruvananthapuram,8.60859,77.01251,2024-10-23,1,2024-10-09,14.0,336.0,1.0,24.0
flood_only__vs_flood,flood,8.60859_77.01251,Thiruvananthapuram,8.60859,77.01251,2024-10-25,1,2024-10-11,14.0,336.0,3.0,72.0
flood_only__vs_flood,flood,8.96209_76.87268,Kollam,8.96209,76.87268,2024-08-22,1,2024-08-11,11.0,264.0,11.0,264.0
flood_only__vs_flood,flood,9.28512_76.92861,Pattanamtitta,9.28512,76.92861,2023-07-03,1,2023-06-19,14.0,336.0,63.0,1512.0
flood_only__vs_flood,flood,9.28512_76.92861,Pattanamtitta,9.28512,76.92861,2023-11-23,1,2023-11-09,14.0,336.0,0.0,0.0
flood_only__vs_flood,flood,9.28512_76.92861,Pattanamtitta,9.28512,76.92861,2024-05-19,1,2024-05-12,7.0,168.0,7.0,168.0
flood_only__vs_flood,flood,9.42945_76.44763,Alappuzha,9.42945,76.44763,2023-07-03,1,2023-06-19,14.0,336.0,66.0,1584.0
flood_only__vs_flood,flood,9.42945_76.44763,Alappuzha,9.42945,76.44763,2023-10-14,1,2023-10-01,13.0,312.0,0.0,0.0
flood_only__vs_flood,flood,9.42945_76.44763,Alappuzha,9.42945,76.44763,2024-05-19,1,2024-05-05,14.0,336.0,10.0,240.0
flood_only__vs_flood,flood,9.42945_76.44763,Alappuzha,9.42945,76.44763,2024-05-28,1,2024-05-14,14.0,336.0,19.0,456.0
flood_only__vs_flood,flood,9.42945_76.44763,Alappuzha,9.42945,76.44763,2024-07-16,1,2024-07-02,14.0,336.0,68.0,1632.0
flood_only__vs_flood,flood,9.42945_76.44763,Alappuzha,9.42945,76.44763,2024-08-22,1,2024-08-08,14.0,336.0,105.0,2520.0
flood_only__vs_flood,flood,9.63819_76.65185,Kottayam,9.63819,76.65185,2023-07-03,1,2023-06-19,14.0,336.0,66.0,1584.0
flood_only__vs_flood,flood,9.63819_76.65185,Kottayam,9.63819,76.65185,2023-11-23,1,2023-11-09,14.0,336.0,0.0,0.0
flood_only__vs_flood,flood,9.63819_76.65185,Kottayam,9.63819,76.65185,2024-05-31,1,2024-05-17,14.0,336.0,23.0,552.0
flood_only__vs_flood,flood,9.63819_76.65185,Kottayam,9.63819,76.65185,2024-07-12,1,2024-06-28,14.0,336.0,0.0,0.0
flood_only__vs_flood,flood,9.63819_76.65185,Kottayam,9.63819,76.65185,2024-08-22,1,2024-08-08,14.0,336.0,41.0,984.0
flood_only__vs_flood,flood,9.83875_77.0588,Idukki,9.83875,77.0588,2023-11-05,1,2023-10-25,11.0,264.0,2.0,48.0
flood_only__vs_flood,flood,9.83875_77.0588,Idukki,9.83875,77.0588,2023-11-23,1,2023-11-09,14.0,336.0,0.0,0.0
flood_only__vs_flood,flood,9.83875_77.0588,Idukki,9.83875,77.0588,2024-05-19,1,2024-05-15,4.0,96.0,4.0,96.0
flood_only__vs_flood,flood,9.83875_77.0588,Idukki,9.83875,77.0588,2024-05-28,1,2024-05-15,13.0,312.0,13.0,312.0
flood_only__vs_flood,flood,9.83875_77.0588,Idukki,9.83875,77.0588,2024-05-31,1,2024-05-17,14.0,336.0,16.0,384.0
flood_only__vs_flood,flood,9.83875_77.0588,Idukki,9.83875,77.0588,2024-07-14,1,2024-06-30,14.0,336.0,1.0,24.0
flood_only__vs_flood,flood,9.83875_77.0588,Idukki,9.83875,77.0588,2024-07-17,1,2024-07-03,14.0,336.0,4.0,96.0
landslide_only__vs_flood,flood,10.08408_76.5463,Ernakulam,10.08408,76.5463,2023-06-28,1,2023-06-15,13.0,312.0,0.0,0.0
landslide_only__vs_flood,flood,10.08408_76.5463,Ernakulam,10.08408,76.5463,2023-10-14,0,,,,,
landslide_only__vs_flood,flood,10.08408_76.5463,Ernakulam,10.08408,76.5463,2023-11-05,0,,,,,
landslide_only__vs_flood,flood,10.08408_76.5463,Ernakulam,10.08408,76.5463,2024-05-19,0,,,,,
landslide_only__vs_flood,flood,10.08408_76.5463,Ernakulam,10.08408,76.5463,2024-05-28,1,2024-05-23,5.0,120.0,0.0,0.0
landslide_only__vs_flood,flood,10.08408_76.5463,Ernakulam,10.08408,76.5463,2024-08-22,1,2024-08-12,10.0,240.0,0.0,0.0
landslide_only__vs_flood,flood,10.47192_76.31575,Thrissur,10.47192,76.31575,2023-07-23,0,,,,,
landslide_only__vs_flood,flood,10.47192_76.31575,Thrissur,10.47192,76.31575,2023-11-05,0,,,,,
landslide_only__vs_flood,flood,10.47192_76.31575,Thrissur,10.47192,76.31575,2024-05-19,0,,,,,
landslide_only__vs_flood,flood,10.47192_76.31575,Thrissur,10.47192,76.31575,2024-05-31,0,,,,,
landslide_only__vs_flood,flood,10.79598_76.55899,Palakkad,10.79598,76.55899,2024-05-19,0,,,,,
landslide_only__vs_flood,flood,10.79598_76.55899,Palakkad,10.79598,76.55899,2024-07-13,1,2024-06-30,13.0,312.0,0.0,0.0
landslide_only__vs_flood,flood,10.79598_76.55899,Palakkad,10.79598,76.55899,2024-07-15,1,2024-07-01,14.0,336.0,1.0,24.0
landslide_only__vs_flood,flood,11.13281_76.15629,Malappuram,11.13281,76.15629,2023-07-10,1,2023-06-26,14.0,336.0,0.0,0.0
landslide_only__vs_flood,flood,11.13281_76.15629,Malappuram,11.13281,76.15629,2024-05-19,0,,,,,
landslide_only__vs_flood,flood,11.13281_76.15629,Malappuram,11.13281,76.15629,2024-07-16,1,2024-07-06,10.0,240.0,2.0,48.0
landslide_only__vs_flood,flood,11.48426_75.83435,Kozhikode,11.48426,75.83435,2023-06-28,1,2023-06-21,7.0,168.0,0.0,0.0
landslide_only__vs_flood,flood,11.48426_75.83435,Kozhikode,11.48426,75.83435,2023-07-03,1,2023-06-21,12.0,288.0,0.0,0.0
landslide_only__vs_flood,flood,11.48426_75.83435,Kozhikode,11.48426,75.83435,2024-05-19,0,,,,,
landslide_only__vs_flood,flood,11.48426_75.83435,Kozhikode,11.48426,75.83435,2024-07-30,1,2024-07-16,14.0,336.0,0.0,0.0
landslide_only__vs_flood,flood,11.7109_76.08737,Wayanad,11.7109,76.08737,2023-07-23,0,,,,,
landslide_only__vs_flood,flood,11.7109_76.08737,Wayanad,11.7109,76.08737,2024-07-30,1,2024-07-16,14.0,336.0,0.0,0.0
landslide_only__vs_flood,flood,12.001_75.52542,Kannur,12.001,75.52542,2023-06-28,0,,,,,
landslide_only__vs_flood,flood,12.001_75.52542,Kannur,12.001,75.52542,2023-07-03,0,,,,,
landslide_only__vs_flood,flood,12.001_75.52542,Kannur,12.001,75.52542,2024-07-16,1,2024-07-03,13.0,312.0,3.0,72.0
landslide_only__vs_flood,flood,12.45993_75.15314,Kasaragod,12.45993,75.15314,2023-06-28,0,,,,,
landslide_only__vs_flood,flood,12.45993_75.15314,Kasaragod,12.45993,75.15314,2024-05-19,0,,,,,
landslide_only__vs_flood,flood,12.45993_75.15314,Kasaragod,12.45993,75.15314,2024-05-28,0,,,,,
landslide_only__vs_flood,flood,8.60859_77.01251,Thiruvananthapuram,8.60859,77.01251,2023-10-14,0,,,,,
landslide_only__vs_flood,flood,8.60859_77.01251,Thiruvananthapuram,8.60859,77.01251,2023-11-23,0,,,,,
landslide_only__vs_flood,flood,8.60859_77.01251,Thiruvananthapuram,8.60859,77.01251,2024-05-16,0,,,,,
landslide_only__vs_flood,flood,8.60859_77.01251,Thiruvananthapuram,8.60859,77.01251,2024-05-18,0,,,,,
landslide_only__vs_flood,flood,8.60859_77.01251,Thiruvananthapuram,8.60859,77.01251,2024-05-28,1,2024-05-23,5.0,120.0,0.0,0.0
landslide_only__vs_flood,flood,8.60859_77.01251,Thiruvananthapuram,8.60859,77.01251,2024-06-08,1,2024-05-28,11.0,264.0,0.0,0.0
landslide_only__vs_flood,flood,8.60859_77.01251,Thiruvananthapuram,8.60859,77.01251,2024-06-12,0,,,,,
landslide_only__vs_flood,flood,8.60859_77.01251,Thiruvananthapuram,8.60859,77.01251,2024-06-25,0,,,,,
landslide_only__vs_flood,flood,8.60859_77.01251,Thiruvananthapuram,8.60859,77.01251,2024-07-16,0,,,,,
landslide_only__vs_flood,flood,8.60859_77.01251,Thiruvananthapuram,8.60859,77.01251,2024-08-21,0,,,,,
landslide_only__vs_flood,flood,8.60859_77.01251,Thiruvananthapuram,8.60859,77.01251,2024-10-23,0,,,,,
landslide_only__vs_flood,flood,8.60859_77.01251,Thiruvananthapuram,8.60859,77.01251,2024-10-25,0,,,,,
landslide_only__vs_flood,flood,8.96209_76.87268,Kollam,8.96209,76.87268,2024-08-22,1,2024-08-17,5.0,120.0,0.0,0.0
landslide_only__vs_flood,flood,9.28512_76.92861,Pattanamtitta,9.28512,76.92861,2023-07-03,0,,,,,
landslide_only__vs_flood,flood,9.28512_76.92861,Pattanamtitta,9.28512,76.92861,2023-11-23,0,,,,,
landslide_only__vs_flood,flood,9.28512_76.92861,Pattanamtitta,9.28512,76.92861,2024-05-19,0,,,,,
landslide_only__vs_flood,flood,9.42945_76.44763,Alappuzha,9.42945,76.44763,2023-07-03,0,,,,,
landslide_only__vs_flood,flood,9.42945_76.44763,Alappuzha,9.42945,76.44763,2023-10-14,0,,,,,
landslide_only__vs_flood,flood,9.42945_76.44763,Alappuzha,9.42945,76.44763,2024-05-19,0,,,,,
landslide_only__vs_flood,flood,9.42945_76.44763,Alappuzha,9.42945,76.44763,2024-05-28,0,,,,,
landslide_only__vs_flood,flood,9.42945_76.44763,Alappuzha,9.42945,76.44763,2024-07-16,0,,,,,
landslide_only__vs_flood,flood,9.42945_76.44763,Alappuzha,9.42945,76.44763,2024-08-22,0,,,,,
landslide_only__vs_flood,flood,9.63819_76.65185,Kottayam,9.63819,76.65185,2023-07-03,0,,,,,
landslide_only__vs_flood,flood,9.63819_76.65185,Kottayam,9.63819,76.65185,2023-11-23,0,,,,,
landslide_only__vs_flood,flood,9.63819_76.65185,Kottayam,9.63819,76.65185,2024-05-31,0,,,,,
landslide_only__vs_flood,flood,9.63819_76.65185,Kottayam,9.63819,76.65185,2024-07-12,0,,,,,
landslide_only__vs_flood,flood,9.63819_76.65185,Kottayam,9.63819,76.65185,2024-08-22,1,2024-08-12,10.0,240.0,0.0,0.0
landslide_only__vs_flood,flood,9.83875_77.0588,Idukki,9.83875,77.0588,2023-11-05,1,2023-11-04,1.0,24.0,1.0,24.0
landslide_only__vs_flood,flood,9.83875_77.0588,Idukki,9.83875,77.0588,2023-11-23,0,,,,,
landslide_only__vs_flood,flood,9.83875_77.0588,Idukki,9.83875,77.0588,2024-05-19,0,,,,,
landslide_only__vs_flood,flood,9.83875_77.0588,Idukki,9.83875,77.0588,2024-05-28,1,2024-05-22,6.0,144.0,0.0,0.0
landslide_only__vs_flood,flood,9.83875_77.0588,Idukki,9.83875,77.0588,2024-05-31,1,2024-05-22,9.0,216.0,0.0,0.0
landslide_only__vs_flood,flood,9.83875_77.0588,Idukki,9.83875,77.0588,2024-07-14,1,2024-06-30,14.0,336.0,0.0,0.0
landslide_only__vs_flood,flood,9.83875_77.0588,Idukki,9.83875,77.0588,2024-07-17,1,2024-07-03,14.0,336.0,2.0,48.0
tcdl_coupled__vs_flood,flood,10.08408_76.5463,Ernakulam,10.08408,76.5463,2023-06-28,1,2023-06-14,14.0,336.0,31.0,744.0
tcdl_coupled__vs_flood,flood,10.08408_76.5463,Ernakulam,10.08408,76.5463,2023-10-14,1,2023-09-30,14.0,336.0,0.0,0.0
tcdl_coupled__vs_flood,flood,10.08408_76.5463,Ernakulam,10.08408,76.5463,2023-11-05,1,2023-11-04,1.0,24.0,1.0,24.0
tcdl_coupled__vs_flood,flood,10.08408_76.5463,Ernakulam,10.08408,76.5463,2024-05-19,1,2024-05-12,7.0,168.0,7.0,168.0
tcdl_coupled__vs_flood,flood,10.08408_76.5463,Ernakulam,10.08408,76.5463,2024-05-28,1,2024-05-14,14.0,336.0,16.0,384.0
tcdl_coupled__vs_flood,flood,10.08408_76.5463,Ernakulam,10.08408,76.5463,2024-08-22,1,2024-08-08,14.0,336.0,60.0,1440.0
tcdl_coupled__vs_flood,flood,10.47192_76.31575,Thrissur,10.47192,76.31575,2023-07-23,1,2023-07-09,14.0,336.0,1.0,24.0
tcdl_coupled__vs_flood,flood,10.47192_76.31575,Thrissur,10.47192,76.31575,2023-11-05,1,2023-11-03,2.0,48.0,2.0,48.0
tcdl_coupled__vs_flood,flood,10.47192_76.31575,Thrissur,10.47192,76.31575,2024-05-19,1,2024-05-09,10.0,240.0,10.0,240.0
tcdl_coupled__vs_flood,flood,10.47192_76.31575,Thrissur,10.47192,76.31575,2024-05-31,1,2024-05-17,14.0,336.0,22.0,528.0
tcdl_coupled__vs_flood,flood,10.79598_76.55899,Palakkad,10.79598,76.55899,2024-05-19,1,2024-05-15,4.0,96.0,4.0,96.0
tcdl_coupled__vs_flood,flood,10.79598_76.55899,Palakkad,10.79598,76.55899,2024-07-13,1,2024-06-29,14.0,336.0,1.0,24.0
tcdl_coupled__vs_flood,flood,10.79598_76.55899,Palakkad,10.79598,76.55899,2024-07-15,1,2024-07-01,14.0,336.0,3.0,72.0
tcdl_coupled__vs_flood,flood,11.13281_76.15629,Malappuram,11.13281,76.15629,2023-07-10,1,2023-06-26,14.0,336.0,29.0,696.0
tcdl_coupled__vs_flood,flood,11.13281_76.15629,Malappuram,11.13281,76.15629,2024-05-19,1,2024-05-15,4.0,96.0,0.0,0.0
tcdl_coupled__vs_flood,flood,11.13281_76.15629,Malappuram,11.13281,76.15629,2024-07-16,1,2024-07-02,14.0,336.0,24.0,576.0
tcdl_coupled__vs_flood,flood,11.48426_75.83435,Kozhikode,11.48426,75.83435,2023-06-28,1,2023-06-14,14.0,336.0,8.0,192.0
tcdl_coupled__vs_flood,flood,11.48426_75.83435,Kozhikode,11.48426,75.83435,2023-07-03,1,2023-06-20,13.0,312.0,0.0,0.0
tcdl_coupled__vs_flood,flood,11.48426_75.83435,Kozhikode,11.48426,75.83435,2024-05-19,1,2024-05-15,4.0,96.0,0.0,0.0
tcdl_coupled__vs_flood,flood,11.48426_75.83435,Kozhikode,11.48426,75.83435,2024-07-30,1,2024-07-16,14.0,336.0,38.0,912.0
tcdl_coupled__vs_flood,flood,11.7109_76.08737,Wayanad,11.7109,76.08737,2023-07-23,1,2023-07-09,14.0,336.0,35.0,840.0
tcdl_coupled__vs_flood,flood,11.7109_76.08737,Wayanad,11.7109,76.08737,2024-07-30,1,2024-07-16,14.0,336.0,18.0,432.0
tcdl_coupled__vs_flood,flood,12.001_75.52542,Kannur,12.001,75.52542,2023-06-28,1,2023-06-20,8.0,192.0,8.0,192.0
tcdl_coupled__vs_flood,flood,12.001_75.52542,Kannur,12.001,75.52542,2023-07-03,1,2023-06-20,13.0,312.0,13.0,312.0
tcdl_coupled__vs_flood,flood,12.001_75.52542,Kannur,12.001,75.52542,2024-07-16,1,2024-07-02,14.0,336.0,24.0,576.0
tcdl_coupled__vs_flood,flood,12.45993_75.15314,Kasaragod,12.45993,75.15314,2023-06-28,1,2023-06-20,8.0,192.0,8.0,192.0
tcdl_coupled__vs_flood,flood,12.45993_75.15314,Kasaragod,12.45993,75.15314,2024-05-19,0,,,,,
tcdl_coupled__vs_flood,flood,12.45993_75.15314,Kasaragod,12.45993,75.15314,2024-05-28,1,2024-05-22,6.0,144.0,0.0,0.0
tcdl_coupled__vs_flood,flood,8.60859_77.01251,Thiruvananthapuram,8.60859,77.01251,2023-10-14,1,2023-09-30,14.0,336.0,18.0,432.0
tcdl_coupled__vs_flood,flood,8.60859_77.01251,Thiruvananthapuram,8.60859,77.01251,2023-11-23,1,2023-11-09,14.0,336.0,5.0,120.0
tcdl_coupled__vs_flood,flood,8.60859_77.01251,Thiruvananthapuram,8.60859,77.01251,2024-05-16,1,2024-05-11,5.0,120.0,0.0,0.0
tcdl_coupled__vs_flood,flood,8.60859_77.01251,Thiruvananthapuram,8.60859,77.01251,2024-05-18,1,2024-05-11,7.0,168.0,2.0,48.0
tcdl_coupled__vs_flood,flood,8.60859_77.01251,Thiruvananthapuram,8.60859,77.01251,2024-05-28,1,2024-05-14,14.0,336.0,12.0,288.0
tcdl_coupled__vs_flood,flood,8.60859_77.01251,Thiruvananthapuram,8.60859,77.01251,2024-06-08,1,2024-05-25,14.0,336.0,23.0,552.0
tcdl_coupled__vs_flood,flood,8.60859_77.01251,Thiruvananthapuram,8.60859,77.01251,2024-06-12,1,2024-05-29,14.0,336.0,27.0,648.0
tcdl_coupled__vs_flood,flood,8.60859_77.01251,Thiruvananthapuram,8.60859,77.01251,2024-06-25,1,2024-06-11,14.0,336.0,40.0,960.0
tcdl_coupled__vs_flood,flood,8.60859_77.01251,Thiruvananthapuram,8.60859,77.01251,2024-07-16,1,2024-07-02,14.0,336.0,3.0,72.0
tcdl_coupled__vs_flood,flood,8.60859_77.01251,Thiruvananthapuram,8.60859,77.01251,2024-08-21,1,2024-08-11,10.0,240.0,8.0,192.0
tcdl_coupled__vs_flood,flood,8.60859_77.01251,Thiruvananthapuram,8.60859,77.01251,2024-10-23,1,2024-10-09,14.0,336.0,1.0,24.0
tcdl_coupled__vs_flood,flood,8.60859_77.01251,Thiruvananthapuram,8.60859,77.01251,2024-10-25,1,2024-10-11,14.0,336.0,3.0,72.0
tcdl_coupled__vs_flood,flood,8.96209_76.87268,Kollam,8.96209,76.87268,2024-08-22,1,2024-08-11,11.0,264.0,11.0,264.0
tcdl_coupled__vs_flood,flood,9.28512_76.92861,Pattanamtitta,9.28512,76.92861,2023-07-03,1,2023-06-19,14.0,336.0,65.0,1560.0
tcdl_coupled__vs_flood,flood,9.28512_76.92861,Pattanamtitta,9.28512,76.92861,2023-11-23,1,2023-11-09,14.0,336.0,0.0,0.0
tcdl_coupled__vs_flood,flood,9.28512_76.92861,Pattanamtitta,9.28512,76.92861,2024-05-19,1,2024-05-10,9.0,216.0,9.0,216.0
tcdl_coupled__vs_flood,flood,9.42945_76.44763,Alappuzha,9.42945,76.44763,2023-07-03,1,2023-06-19,14.0,336.0,66.0,1584.0
tcdl_coupled__vs_flood,flood,9.42945_76.44763,Alappuzha,9.42945,76.44763,2023-10-14,1,2023-10-01,13.0,312.0,0.0,0.0
tcdl_coupled__vs_flood,flood,9.42945_76.44763,Alappuzha,9.42945,76.44763,2024-05-19,1,2024-05-05,14.0,336.0,10.0,240.0
tcdl_coupled__vs_flood,flood,9.42945_76.44763,Alappuzha,9.42945,76.44763,2024-05-28,1,2024-05-14,14.0,336.0,19.0,456.0
tcdl_coupled__vs_flood,flood,9.42945_76.44763,Alappuzha,9.42945,76.44763,2024-07-16,1,2024-07-02,14.0,336.0,68.0,1632.0
tcdl_coupled__vs_flood,flood,9.42945_76.44763,Alappuzha,9.42945,76.44763,2024-08-22,1,2024-08-08,14.0,336.0,105.0,2520.0
tcdl_coupled__vs_flood,flood,9.63819_76.65185,Kottayam,9.63819,76.65185,2023-07-03,1,2023-06-19,14.0,336.0,66.0,1584.0
tcdl_coupled__vs_flood,flood,9.63819_76.65185,Kottayam,9.63819,76.65185,2023-11-23,1,2023-11-09,14.0,336.0,0.0,0.0
tcdl_coupled__vs_flood,flood,9.63819_76.65185,Kottayam,9.63819,76.65185,2024-05-31,1,2024-05-17,14.0,336.0,23.0,552.0
tcdl_coupled__vs_flood,flood,9.63819_76.65185,Kottayam,9.63819,76.65185,2024-07-12,1,2024-06-28,14.0,336.0,0.0,0.0
tcdl_coupled__vs_flood,flood,9.63819_76.65185,Kottayam,9.63819,76.65185,2024-08-22,1,2024-08-08,14.0,336.0,41.0,984.0
tcdl_coupled__vs_flood,flood,9.83875_77.0588,Idukki,9.83875,77.0588,2023-11-05,1,2023-10-25,11.0,264.0,11.0,264.0
tcdl_coupled__vs_flood,flood,9.83875_77.0588,Idukki,9.83875,77.0588,2023-11-23,1,2023-11-09,14.0,336.0,1.0,24.0
tcdl_coupled__vs_flood,flood,9.83875_77.0588,Idukki,9.83875,77.0588,2024-05-19,1,2024-05-09,10.0,240.0,4.0,96.0
tcdl_coupled__vs_flood,flood,9.83875_77.0588,Idukki,9.83875,77.0588,2024-05-28,1,2024-05-15,13.0,312.0,13.0,312.0
tcdl_coupled__vs_flood,flood,9.83875_77.0588,Idukki,9.83875,77.0588,2024-05-31,1,2024-05-17,14.0,336.0,16.0,384.0
tcdl_coupled__vs_flood,flood,9.83875_77.0588,Idukki,9.83875,77.0588,2024-07-14,1,2024-06-30,14.0,336.0,4.0,96.0
tcdl_coupled__vs_flood,flood,9.83875_77.0588,Idukki,9.83875,77.0588,2024-07-17,1,2024-07-03,14.0,336.0,7.0,168.0
tcdl_coupling_rules_only__vs_flood,flood,10.08408_76.5463,Ernakulam,10.08408,76.5463,2023-06-28,1,2023-06-14,14.0,336.0,0.0,0.0
tcdl_coupling_rules_only__vs_flood,flood,10.08408_76.5463,Ernakulam,10.08408,76.5463,2023-10-14,1,2023-10-01,13.0,312.0,0.0,0.0
tcdl_coupling_rules_only__vs_flood,flood,10.08408_76.5463,Ernakulam,10.08408,76.5463,2023-11-05,1,2023-11-04,1.0,24.0,1.0,24.0
tcdl_coupling_rules_only__vs_flood,flood,10.08408_76.5463,Ernakulam,10.08408,76.5463,2024-05-19,1,2024-05-14,5.0,120.0,0.0,0.0
tcdl_coupling_rules_only__vs_flood,flood,10.08408_76.5463,Ernakulam,10.08408,76.5463,2024-05-28,1,2024-05-14,14.0,336.0,8.0,192.0
tcdl_coupling_rules_only__vs_flood,flood,10.08408_76.5463,Ernakulam,10.08408,76.5463,2024-08-22,1,2024-08-08,14.0,336.0,0.0,0.0
tcdl_coupling_rules_only__vs_flood,flood,10.47192_76.31575,Thrissur,10.47192,76.31575,2023-07-23,1,2023-07-09,14.0,336.0,0.0,0.0
tcdl_coupling_rules_only__vs_flood,flood,10.47192_76.31575,Thrissur,10.47192,76.31575,2023-11-05,1,2023-11-04,1.0,24.0,1.0,24.0
tcdl_coupling_rules_only__vs_flood,flood,10.47192_76.31575,Thrissur,10.47192,76.31575,2024-05-19,1,2024-05-10,9.0,216.0,0.0,0.0
tcdl_coupling_rules_only__vs_flood,flood,10.47192_76.31575,Thrissur,10.47192,76.31575,2024-05-31,1,2024-05-21,10.0,240.0,0.0,0.0
tcdl_coupling_rules_only__vs_flood,flood,10.79598_76.55899,Palakkad,10.79598,76.55899,2024-05-19,1,2024-05-17,2.0,48.0,2.0,48.0
tcdl_coupling_rules_only__vs_flood,flood,10.79598_76.55899,Palakkad,10.79598,76.55899,2024-07-13,1,2024-06-29,14.0,336.0,0.0,0.0
tcdl_coupling_rules_only__vs_flood,flood,10.79598_76.55899,Palakkad,10.79598,76.55899,2024-07-15,1,2024-07-01,14.0,336.0,2.0,48.0
tcdl_coupling_rules_only__vs_flood,flood,11.13281_76.15629,Malappuram,11.13281,76.15629,2023-07-10,1,2023-06-26,14.0,336.0,7.0,168.0
tcdl_coupling_rules_only__vs_flood,flood,11.13281_76.15629,Malappuram,11.13281,76.15629,2024-05-19,0,,,,,
tcdl_coupling_rules_only__vs_flood,flood,11.13281_76.15629,Malappuram,11.13281,76.15629,2024-07-16,1,2024-07-02,14.0,336.0,24.0,576.0
tcdl_coupling_rules_only__vs_flood,flood,11.48426_75.83435,Kozhikode,11.48426,75.83435,2023-06-28,1,2023-06-14,14.0,336.0,2.0,48.0
tcdl_coupling_rules_only__vs_flood,flood,11.48426_75.83435,Kozhikode,11.48426,75.83435,2023-07-03,1,2023-06-20,13.0,312.0,0.0,0.0
tcdl_coupling_rules_only__vs_flood,flood,11.48426_75.83435,Kozhikode,11.48426,75.83435,2024-05-19,1,2024-05-19,0.0,0.0,0.0,0.0
tcdl_coupling_rules_only__vs_flood,flood,11.48426_75.83435,Kozhikode,11.48426,75.83435,2024-07-30,1,2024-07-16,14.0,336.0,18.0,432.0
tcdl_coupling_rules_only__vs_flood,flood,11.7109_76.08737,Wayanad,11.7109,76.08737,2023-07-23,1,2023-07-09,14.0,336.0,0.0,0.0
tcdl_coupling_rules_only__vs_flood,flood,11.7109_76.08737,Wayanad,11.7109,76.08737,2024-07-30,1,2024-07-16,14.0,336.0,17.0,408.0
tcdl_coupling_rules_only__vs_flood,flood,12.001_75.52542,Kannur,12.001,75.52542,2023-06-28,1,2023-06-20,8.0,192.0,0.0,0.0
tcdl_coupling_rules_only__vs_flood,flood,12.001_75.52542,Kannur,12.001,75.52542,2023-07-03,1,2023-06-20,13.0,312.0,0.0,0.0
tcdl_coupling_rules_only__vs_flood,flood,12.001_75.52542,Kannur,12.001,75.52542,2024-07-16,1,2024-07-02,14.0,336.0,24.0,576.0
tcdl_coupling_rules_only__vs_flood,flood,12.45993_75.15314,Kasaragod,12.45993,75.15314,2023-06-28,1,2023-06-22,6.0,144.0,0.0,0.0
tcdl_coupling_rules_only__vs_flood,flood,12.45993_75.15314,Kasaragod,12.45993,75.15314,2024-05-19,0,,,,,
tcdl_coupling_rules_only__vs_flood,flood,12.45993_75.15314,Kasaragod,12.45993,75.15314,2024-05-28,0,,,,,
tcdl_coupling_rules_only__vs_flood,flood,8.60859_77.01251,Thiruvananthapuram,8.60859,77.01251,2023-10-14,1,2023-09-30,14.0,336.0,1.0,24.0
tcdl_coupling_rules_only__vs_flood,flood,8.60859_77.01251,Thiruvananthapuram,8.60859,77.01251,2023-11-23,1,2023-11-22,1.0,24.0,0.0,0.0
tcdl_coupling_rules_only__vs_flood,flood,8.60859_77.01251,Thiruvananthapuram,8.60859,77.01251,2024-05-16,1,2024-05-13,3.0,72.0,0.0,0.0
tcdl_coupling_rules_only__vs_flood,flood,8.60859_77.01251,Thiruvananthapuram,8.60859,77.01251,2024-05-18,1,2024-05-13,5.0,120.0,0.0,0.0
tcdl_coupling_rules_only__vs_flood,flood,8.60859_77.01251,Thiruvananthapuram,8.60859,77.01251,2024-05-28,1,2024-05-18,10.0,240.0,10.0,240.0
tcdl_coupling_rules_only__vs_flood,flood,8.60859_77.01251,Thiruvananthapuram,8.60859,77.01251,2024-06-08,1,2024-05-25,14.0,336.0,1.0,24.0
tcdl_coupling_rules_only__vs_flood,flood,8.60859_77.01251,Thiruvananthapuram,8.60859,77.01251,2024-06-12,1,2024-05-29,14.0,336.0,0.0,0.0
tcdl_coupling_rules_only__vs_flood,flood,8.60859_77.01251,Thiruvananthapuram,8.60859,77.01251,2024-06-25,1,2024-06-11,14.0,336.0,0.0,0.0
tcdl_coupling_rules_only__vs_flood,flood,8.60859_77.01251,Thiruvananthapuram,8.60859,77.01251,2024-07-16,1,2024-07-02,14.0,336.0,1.0,24.0
tcdl_coupling_rules_only__vs_flood,flood,8.60859_77.01251,Thiruvananthapuram,8.60859,77.01251,2024-08-21,1,2024-08-14,7.0,168.0,0.0,0.0
tcdl_coupling_rules_only__vs_flood,flood,8.60859_77.01251,Thiruvananthapuram,8.60859,77.01251,2024-10-23,0,,,,,
tcdl_coupling_rules_only__vs_flood,flood,8.60859_77.01251,Thiruvananthapuram,8.60859,77.01251,2024-10-25,1,2024-10-24,1.0,24.0,1.0,24.0
tcdl_coupling_rules_only__vs_flood,flood,8.96209_76.87268,Kollam,8.96209,76.87268,2024-08-22,1,2024-08-12,10.0,240.0,10.0,240.0
tcdl_coupling_rules_only__vs_flood,flood,9.28512_76.92861,Pattanamtitta,9.28512,76.92861,2023-07-03,1,2023-06-19,14.0,336.0,0.0,0.0
tcdl_coupling_rules_only__vs_flood,flood,9.28512_76.92861,Pattanamtitta,9.28512,76.92861,2023-11-23,1,2023-11-09,14.0,336.0,0.0,0.0
tcdl_coupling_rules_only__vs_flood,flood,9.28512_76.92861,Pattanamtitta,9.28512,76.92861,2024-05-19,1,2024-05-10,9.0,216.0,5.0,120.0
tcdl_coupling_rules_only__vs_flood,flood,9.42945_76.44763,Alappuzha,9.42945,76.44763,2023-07-03,1,2023-06-19,14.0,336.0,0.0,0.0
tcdl_coupling_rules_only__vs_flood,flood,9.42945_76.44763,Alappuzha,9.42945,76.44763,2023-10-14,0,,,,,
tcdl_coupling_rules_only__vs_flood,flood,9.42945_76.44763,Alappuzha,9.42945,76.44763,2024-05-19,1,2024-05-10,9.0,216.0,0.0,0.0
tcdl_coupling_rules_only__vs_flood,flood,9.42945_76.44763,Alappuzha,9.42945,76.44763,2024-05-28,1,2024-05-23,5.0,120.0,0.0,0.0
tcdl_coupling_rules_only__vs_flood,flood,9.42945_76.44763,Alappuzha,9.42945,76.44763,2024-07-16,1,2024-07-14,2.0,48.0,2.0,48.0
tcdl_coupling_rules_only__vs_flood,flood,9.42945_76.44763,Alappuzha,9.42945,76.44763,2024-08-22,1,2024-08-13,9.0,216.0,0.0,0.0
tcdl_coupling_rules_only__vs_flood,flood,9.63819_76.65185,Kottayam,9.63819,76.65185,2023-07-03,1,2023-06-19,14.0,336.0,0.0,0.0
tcdl_coupling_rules_only__vs_flood,flood,9.63819_76.65185,Kottayam,9.63819,76.65185,2023-11-23,1,2023-11-09,14.0,336.0,0.0,0.0
tcdl_coupling_rules_only__vs_flood,flood,9.63819_76.65185,Kottayam,9.63819,76.65185,2024-05-31,1,2024-05-20,11.0,264.0,0.0,0.0
tcdl_coupling_rules_only__vs_flood,flood,9.63819_76.65185,Kottayam,9.63819,76.65185,2024-07-12,1,2024-06-28,14.0,336.0,0.0,0.0
tcdl_coupling_rules_only__vs_flood,flood,9.63819_76.65185,Kottayam,9.63819,76.65185,2024-08-22,1,2024-08-08,14.0,336.0,15.0,360.0
tcdl_coupling_rules_only__vs_flood,flood,9.83875_77.0588,Idukki,9.83875,77.0588,2023-11-05,1,2023-10-26,10.0,240.0,1.0,24.0
tcdl_coupling_rules_only__vs_flood,flood,9.83875_77.0588,Idukki,9.83875,77.0588,2023-11-23,1,2023-11-09,14.0,336.0,1.0,24.0
tcdl_coupling_rules_only__vs_flood,flood,9.83875_77.0588,Idukki,9.83875,77.0588,2024-05-19,1,2024-05-09,10.0,240.0,2.0,48.0
tcdl_coupling_rules_only__vs_flood,flood,9.83875_77.0588,Idukki,9.83875,77.0588,2024-05-28,1,2024-05-17,11.0,264.0,11.0,264.0
tcdl_coupling_rules_only__vs_flood,flood,9.83875_77.0588,Idukki,9.83875,77.0588,2024-05-31,1,2024-05-17,14.0,336.0,0.0,0.0
tcdl_coupling_rules_only__vs_flood,flood,9.83875_77.0588,Idukki,9.83875,77.0588,2024-07-14,1,2024-06-30,14.0,336.0,4.0,96.0
tcdl_coupling_rules_only__vs_flood,flood,9.83875_77.0588,Idukki,9.83875,77.0588,2024-07-17,1,2024-07-03,14.0,336.0,7.0,168.0
always_warn_control__vs_flood,flood,10.08408_76.5463,Ernakulam,10.08408,76.5463,2023-06-28,1,2023-06-14,14.0,336.0,155.0,3720.0
always_warn_control__vs_flood,flood,10.08408_76.5463,Ernakulam,10.08408,76.5463,2023-10-14,1,2023-09-30,14.0,336.0,263.0,6312.0
always_warn_control__vs_flood,flood,10.08408_76.5463,Ernakulam,10.08408,76.5463,2023-11-05,1,2023-10-22,14.0,336.0,285.0,6840.0
always_warn_control__vs_flood,flood,10.08408_76.5463,Ernakulam,10.08408,76.5463,2024-05-19,1,2024-05-05,14.0,336.0,481.0,11544.0
always_warn_control__vs_flood,flood,10.08408_76.5463,Ernakulam,10.08408,76.5463,2024-05-28,1,2024-05-14,14.0,336.0,490.0,11760.0
always_warn_control__vs_flood,flood,10.08408_76.5463,Ernakulam,10.08408,76.5463,2024-08-22,1,2024-08-08,14.0,336.0,576.0,13824.0
always_warn_control__vs_flood,flood,10.47192_76.31575,Thrissur,10.47192,76.31575,2023-07-23,1,2023-07-09,14.0,336.0,180.0,4320.0
always_warn_control__vs_flood,flood,10.47192_76.31575,Thrissur,10.47192,76.31575,2023-11-05,1,2023-10-22,14.0,336.0,285.0,6840.0
always_warn_control__vs_flood,flood,10.47192_76.31575,Thrissur,10.47192,76.31575,2024-05-19,1,2024-05-05,14.0,336.0,481.0,11544.0
always_warn_control__vs_flood,flood,10.47192_76.31575,Thrissur,10.47192,76.31575,2024-05-31,1,2024-05-17,14.0,336.0,493.0,11832.0
always_warn_control__vs_flood,flood,10.79598_76.55899,Palakkad,10.79598,76.55899,2024-05-19,1,2024-05-05,14.0,336.0,481.0,11544.0
always_warn_control__vs_flood,flood,10.79598_76.55899,Palakkad,10.79598,76.55899,2024-07-13,1,2024-06-29,14.0,336.0,536.0,12864.0
always_warn_control__vs_flood,flood,10.79598_76.55899,Palakkad,10.79598,76.55899,2024-07-15,1,2024-07-01,14.0,336.0,538.0,12912.0
always_warn_control__vs_flood,flood,11.13281_76.15629,Malappuram,11.13281,76.15629,2023-07-10,1,2023-06-26,14.0,336.0,167.0,4008.0
always_warn_control__vs_flood,flood,11.13281_76.15629,Malappuram,11.13281,76.15629,2024-05-19,1,2024-05-05,14.0,336.0,481.0,11544.0
always_warn_control__vs_flood,flood,11.13281_76.15629,Malappuram,11.13281,76.15629,2024-07-16,1,2024-07-02,14.0,336.0,539.0,12936.0
always_warn_control__vs_flood,flood,11.48426_75.83435,Kozhikode,11.48426,75.83435,2023-06-28,1,2023-06-14,14.0,336.0,155.0,3720.0
always_warn_control__vs_flood,flood,11.48426_75.83435,Kozhikode,11.48426,75.83435,2023-07-03,1,2023-06-19,14.0,336.0,160.0,3840.0
always_warn_control__vs_flood,flood,11.48426_75.83435,Kozhikode,11.48426,75.83435,2024-05-19,1,2024-05-05,14.0,336.0,481.0,11544.0
always_warn_control__vs_flood,flood,11.48426_75.83435,Kozhikode,11.48426,75.83435,2024-07-30,1,2024-07-16,14.0,336.0,553.0,13272.0
always_warn_control__vs_flood,flood,11.7109_76.08737,Wayanad,11.7109,76.08737,2023-07-23,1,2023-07-09,14.0,336.0,180.0,4320.0
always_warn_control__vs_flood,flood,11.7109_76.08737,Wayanad,11.7109,76.08737,2024-07-30,1,2024-07-16,14.0,336.0,553.0,13272.0
always_warn_control__vs_flood,flood,12.001_75.52542,Kannur,12.001,75.52542,2023-06-28,1,2023-06-14,14.0,336.0,155.0,3720.0
always_warn_control__vs_flood,flood,12.001_75.52542,Kannur,12.001,75.52542,2023-07-03,1,2023-06-19,14.0,336.0,160.0,3840.0
always_warn_control__vs_flood,flood,12.001_75.52542,Kannur,12.001,75.52542,2024-07-16,1,2024-07-02,14.0,336.0,539.0,12936.0
always_warn_control__vs_flood,flood,12.45993_75.15314,Kasaragod,12.45993,75.15314,2023-06-28,1,2023-06-14,14.0,336.0,155.0,3720.0
always_warn_control__vs_flood,flood,12.45993_75.15314,Kasaragod,12.45993,75.15314,2024-05-19,1,2024-05-05,14.0,336.0,481.0,11544.0
always_warn_control__vs_flood,flood,12.45993_75.15314,Kasaragod,12.45993,75.15314,2024-05-28,1,2024-05-14,14.0,336.0,490.0,11760.0
always_warn_control__vs_flood,flood,8.60859_77.01251,Thiruvananthapuram,8.60859,77.01251,2023-10-14,1,2023-09-30,14.0,336.0,263.0,6312.0
always_warn_control__vs_flood,flood,8.60859_77.01251,Thiruvananthapuram,8.60859,77.01251,2023-11-23,1,2023-11-09,14.0,336.0,303.0,7272.0
always_warn_control__vs_flood,flood,8.60859_77.01251,Thiruvananthapuram,8.60859,77.01251,2024-05-16,1,2024-05-02,14.0,336.0,478.0,11472.0
always_warn_control__vs_flood,flood,8.60859_77.01251,Thiruvananthapuram,8.60859,77.01251,2024-05-18,1,2024-05-04,14.0,336.0,480.0,11520.0
always_warn_control__vs_flood,flood,8.60859_77.01251,Thiruvananthapuram,8.60859,77.01251,2024-05-28,1,2024-05-14,14.0,336.0,490.0,11760.0
always_warn_control__vs_flood,flood,8.60859_77.01251,Thiruvananthapuram,8.60859,77.01251,2024-06-08,1,2024-05-25,14.0,336.0,501.0,12024.0
always_warn_control__vs_flood,flood,8.60859_77.01251,Thiruvananthapuram,8.60859,77.01251,2024-06-12,1,2024-05-29,14.0,336.0,505.0,12120.0
always_warn_control__vs_flood,flood,8.60859_77.01251,Thiruvananthapuram,8.60859,77.01251,2024-06-25,1,2024-06-11,14.0,336.0,518.0,12432.0
always_warn_control__vs_flood,flood,8.60859_77.01251,Thiruvananthapuram,8.60859,77.01251,2024-07-16,1,2024-07-02,14.0,336.0,539.0,12936.0
always_warn_control__vs_flood,flood,8.60859_77.01251,Thiruvananthapuram,8.60859,77.01251,2024-08-21,1,2024-08-07,14.0,336.0,575.0,13800.0
always_warn_control__vs_flood,flood,8.60859_77.01251,Thiruvananthapuram,8.60859,77.01251,2024-10-23,1,2024-10-09,14.0,336.0,638.0,15312.0
always_warn_control__vs_flood,flood,8.60859_77.01251,Thiruvananthapuram,8.60859,77.01251,2024-10-25,1,2024-10-11,14.0,336.0,640.0,15360.0
always_warn_control__vs_flood,flood,8.96209_76.87268,Kollam,8.96209,76.87268,2024-08-22,1,2024-08-08,14.0,336.0,576.0,13824.0
always_warn_control__vs_flood,flood,9.28512_76.92861,Pattanamtitta,9.28512,76.92861,2023-07-03,1,2023-06-19,14.0,336.0,160.0,3840.0
always_warn_control__vs_flood,flood,9.28512_76.92861,Pattanamtitta,9.28512,76.92861,2023-11-23,1,2023-11-09,14.0,336.0,303.0,7272.0
always_warn_control__vs_flood,flood,9.28512_76.92861,Pattanamtitta,9.28512,76.92861,2024-05-19,1,2024-05-05,14.0,336.0,481.0,11544.0
always_warn_control__vs_flood,flood,9.42945_76.44763,Alappuzha,9.42945,76.44763,2023-07-03,1,2023-06-19,14.0,336.0,160.0,3840.0
always_warn_control__vs_flood,flood,9.42945_76.44763,Alappuzha,9.42945,76.44763,2023-10-14,1,2023-09-30,14.0,336.0,263.0,6312.0
always_warn_control__vs_flood,flood,9.42945_76.44763,Alappuzha,9.42945,76.44763,2024-05-19,1,2024-05-05,14.0,336.0,481.0,11544.0
always_warn_control__vs_flood,flood,9.42945_76.44763,Alappuzha,9.42945,76.44763,2024-05-28,1,2024-05-14,14.0,336.0,490.0,11760.0
always_warn_control__vs_flood,flood,9.42945_76.44763,Alappuzha,9.42945,76.44763,2024-07-16,1,2024-07-02,14.0,336.0,539.0,12936.0
always_warn_control__vs_flood,flood,9.42945_76.44763,Alappuzha,9.42945,76.44763,2024-08-22,1,2024-08-08,14.0,336.0,576.0,13824.0
always_warn_control__vs_flood,flood,9.63819_76.65185,Kottayam,9.63819,76.65185,2023-07-03,1,2023-06-19,14.0,336.0,160.0,3840.0
always_warn_control__vs_flood,flood,9.63819_76.65185,Kottayam,9.63819,76.65185,2023-11-23,1,2023-11-09,14.0,336.0,303.0,7272.0
always_warn_control__vs_flood,flood,9.63819_76.65185,Kottayam,9.63819,76.65185,2024-05-31,1,2024-05-17,14.0,336.0,493.0,11832.0
always_warn_control__vs_flood,flood,9.63819_76.65185,Kottayam,9.63819,76.65185,2024-07-12,1,2024-06-28,14.0,336.0,535.0,12840.0
always_warn_control__vs_flood,flood,9.63819_76.65185,Kottayam,9.63819,76.65185,2024-08-22,1,2024-08-08,14.0,336.0,576.0,13824.0
always_warn_control__vs_flood,flood,9.83875_77.0588,Idukki,9.83875,77.0588,2023-11-05,1,2023-10-22,14.0,336.0,285.0,6840.0
always_warn_control__vs_flood,flood,9.83875_77.0588,Idukki,9.83875,77.0588,2023-11-23,1,2023-11-09,14.0,336.0,303.0,7272.0
always_warn_control__vs_flood,flood,9.83875_77.0588,Idukki,9.83875,77.0588,2024-05-19,1,2024-05-05,14.0,336.0,481.0,11544.0
always_warn_control__vs_flood,flood,9.83875_77.0588,Idukki,9.83875,77.0588,2024-05-28,1,2024-05-14,14.0,336.0,490.0,11760.0
always_warn_control__vs_flood,flood,9.83875_77.0588,Idukki,9.83875,77.0588,2024-05-31,1,2024-05-17,14.0,336.0,493.0,11832.0
always_warn_control__vs_flood,flood,9.83875_77.0588,Idukki,9.83875,77.0588,2024-07-14,1,2024-06-30,14.0,336.0,537.0,12888.0
always_warn_control__vs_flood,flood,9.83875_77.0588,Idukki,9.83875,77.0588,2024-07-17,1,2024-07-03,14.0,336.0,540.0,12960.0
flood_only__vs_landslide,landslide,10.79598_76.55899,Palakkad,10.79598,76.55899,2024-07-29,1,2024-07-15,14.0,336.0,17.0,408.0
flood_only__vs_landslide,landslide,10.79598_76.55899,Palakkad,10.79598,76.55899,2024-08-29,1,2024-08-15,14.0,336.0,0.0,0.0
flood_only__vs_landslide,landslide,11.48426_75.83435,Kozhikode,11.48426,75.83435,2024-07-29,1,2024-07-15,14.0,336.0,37.0,888.0
flood_only__vs_landslide,landslide,11.7109_76.08737,Wayanad,11.7109,76.08737,2024-07-30,1,2024-07-16,14.0,336.0,18.0,432.0
flood_only__vs_landslide,landslide,9.83875_77.0588,Idukki,9.83875,77.0588,2023-10-24,1,2023-10-14,10.0,240.0,0.0,0.0
flood_only__vs_landslide,landslide,9.83875_77.0588,Idukki,9.83875,77.0588,2023-11-05,1,2023-10-25,11.0,264.0,2.0,48.0
flood_only__vs_landslide,landslide,9.83875_77.0588,Idukki,9.83875,77.0588,2024-07-14,1,2024-06-30,14.0,336.0,1.0,24.0
flood_only__vs_landslide,landslide,9.83875_77.0588,Idukki,9.83875,77.0588,2024-07-30,1,2024-07-16,14.0,336.0,17.0,408.0
landslide_only__vs_landslide,landslide,10.79598_76.55899,Palakkad,10.79598,76.55899,2024-07-29,1,2024-07-15,14.0,336.0,0.0,0.0
landslide_only__vs_landslide,landslide,10.79598_76.55899,Palakkad,10.79598,76.55899,2024-08-29,1,2024-08-19,10.0,240.0,0.0,0.0
landslide_only__vs_landslide,landslide,11.48426_75.83435,Kozhikode,11.48426,75.83435,2024-07-29,1,2024-07-16,13.0,312.0,0.0,0.0
landslide_only__vs_landslide,landslide,11.7109_76.08737,Wayanad,11.7109,76.08737,2024-07-30,1,2024-07-16,14.0,336.0,0.0,0.0
landslide_only__vs_landslide,landslide,9.83875_77.0588,Idukki,9.83875,77.0588,2023-10-24,0,,,,,
landslide_only__vs_landslide,landslide,9.83875_77.0588,Idukki,9.83875,77.0588,2023-11-05,1,2023-11-04,1.0,24.0,1.0,24.0
landslide_only__vs_landslide,landslide,9.83875_77.0588,Idukki,9.83875,77.0588,2024-07-14,1,2024-06-30,14.0,336.0,0.0,0.0
landslide_only__vs_landslide,landslide,9.83875_77.0588,Idukki,9.83875,77.0588,2024-07-30,1,2024-07-16,14.0,336.0,1.0,24.0
tcdl_coupled__vs_landslide,landslide,10.79598_76.55899,Palakkad,10.79598,76.55899,2024-07-29,1,2024-07-15,14.0,336.0,17.0,408.0
tcdl_coupled__vs_landslide,landslide,10.79598_76.55899,Palakkad,10.79598,76.55899,2024-08-29,1,2024-08-15,14.0,336.0,0.0,0.0
tcdl_coupled__vs_landslide,landslide,11.48426_75.83435,Kozhikode,11.48426,75.83435,2024-07-29,1,2024-07-15,14.0,336.0,37.0,888.0
tcdl_coupled__vs_landslide,landslide,11.7109_76.08737,Wayanad,11.7109,76.08737,2024-07-30,1,2024-07-16,14.0,336.0,18.0,432.0
tcdl_coupled__vs_landslide,landslide,9.83875_77.0588,Idukki,9.83875,77.0588,2023-10-24,1,2023-10-10,14.0,336.0,0.0,0.0
tcdl_coupled__vs_landslide,landslide,9.83875_77.0588,Idukki,9.83875,77.0588,2023-11-05,1,2023-10-25,11.0,264.0,11.0,264.0
tcdl_coupled__vs_landslide,landslide,9.83875_77.0588,Idukki,9.83875,77.0588,2024-07-14,1,2024-06-30,14.0,336.0,4.0,96.0
tcdl_coupled__vs_landslide,landslide,9.83875_77.0588,Idukki,9.83875,77.0588,2024-07-30,1,2024-07-16,14.0,336.0,20.0,480.0
tcdl_coupling_rules_only__vs_landslide,landslide,10.79598_76.55899,Palakkad,10.79598,76.55899,2024-07-29,1,2024-07-15,14.0,336.0,16.0,384.0
tcdl_coupling_rules_only__vs_landslide,landslide,10.79598_76.55899,Palakkad,10.79598,76.55899,2024-08-29,1,2024-08-19,10.0,240.0,0.0,0.0
tcdl_coupling_rules_only__vs_landslide,landslide,11.48426_75.83435,Kozhikode,11.48426,75.83435,2024-07-29,1,2024-07-15,14.0,336.0,17.0,408.0
tcdl_coupling_rules_only__vs_landslide,landslide,11.7109_76.08737,Wayanad,11.7109,76.08737,2024-07-30,1,2024-07-16,14.0,336.0,17.0,408.0
tcdl_coupling_rules_only__vs_landslide,landslide,9.83875_77.0588,Idukki,9.83875,77.0588,2023-10-24,1,2023-10-10,14.0,336.0,0.0,0.0
tcdl_coupling_rules_only__vs_landslide,landslide,9.83875_77.0588,Idukki,9.83875,77.0588,2023-11-05,1,2023-10-26,10.0,240.0,1.0,24.0
tcdl_coupling_rules_only__vs_landslide,landslide,9.83875_77.0588,Idukki,9.83875,77.0588,2024-07-14,1,2024-06-30,14.0,336.0,4.0,96.0
tcdl_coupling_rules_only__vs_landslide,landslide,9.83875_77.0588,Idukki,9.83875,77.0588,2024-07-30,1,2024-07-16,14.0,336.0,20.0,480.0
always_warn_control__vs_landslide,landslide,10.79598_76.55899,Palakkad,10.79598,76.55899,2024-07-29,1,2024-07-15,14.0,336.0,552.0,13248.0
always_warn_control__vs_landslide,landslide,10.79598_76.55899,Palakkad,10.79598,76.55899,2024-08-29,1,2024-08-15,14.0,336.0,583.0,13992.0
always_warn_control__vs_landslide,landslide,11.48426_75.83435,Kozhikode,11.48426,75.83435,2024-07-29,1,2024-07-15,14.0,336.0,552.0,13248.0
always_warn_control__vs_landslide,landslide,11.7109_76.08737,Wayanad,11.7109,76.08737,2024-07-30,1,2024-07-16,14.0,336.0,553.0,13272.0
always_warn_control__vs_landslide,landslide,9.83875_77.0588,Idukki,9.83875,77.0588,2023-10-24,1,2023-10-10,14.0,336.0,273.0,6552.0
always_warn_control__vs_landslide,landslide,9.83875_77.0588,Idukki,9.83875,77.0588,2023-11-05,1,2023-10-22,14.0,336.0,285.0,6840.0
always_warn_control__vs_landslide,landslide,9.83875_77.0588,Idukki,9.83875,77.0588,2024-07-14,1,2024-06-30,14.0,336.0,537.0,12888.0
always_warn_control__vs_landslide,landslide,9.83875_77.0588,Idukki,9.83875,77.0588,2024-07-30,1,2024-07-16,14.0,336.0,553.0,13272.0
