split,rule,days_fired,pct_of_district_days,days_fired_as_only_rule
train,R1_FLOOD_LEVEL,13403,28.98,6172
train,R2_LANDSLIDE_LEVEL,2184,4.72,37
train,R3_SUSTAINED_JOINT,3890,8.41,33
train,R4_RISING_FLOOD,1706,3.69,32
train,R5_RISING_LANDSLIDE,4619,9.99,946
train,R6_ENV_PRECURSOR,561,1.21,1
train,R7_JOINT_MODERATE,5410,11.7,23
validation,R1_FLOOD_LEVEL,3638,36.7,1442
validation,R2_LANDSLIDE_LEVEL,664,6.7,5
validation,R3_SUSTAINED_JOINT,1337,13.49,2
validation,R4_RISING_FLOOD,544,5.49,10
validation,R5_RISING_LANDSLIDE,1197,12.08,196
validation,R6_ENV_PRECURSOR,90,0.91,0
validation,R7_JOINT_MODERATE,1697,17.12,4
test,R1_FLOOD_LEVEL,2938,29.64,1302
test,R2_LANDSLIDE_LEVEL,380,3.83,1
test,R3_SUSTAINED_JOINT,832,8.39,1
test,R4_RISING_FLOOD,429,4.33,6
test,R5_RISING_LANDSLIDE,948,9.56,190
test,R6_ENV_PRECURSOR,126,1.27,0
test,R7_JOINT_MODERATE,1288,12.99,5
